rule	category	count	pct	examples
a a → ā	vowel coalescence	63	5.76	kaścit kāntāvirahaguruṇā svādhikārāt pramattaḥ śāpenāstaṃgamitamahimā varṣabhogyeṇa bhartuḥ sva+adhikārāt→svādhikārāt · kaścit kāntāvirahaguruṇā svādhikārāt pramattaḥ śāpenāstaṃgamitamahimā varṣabhogyeṇa bhartuḥ śāpena+astaṃgamita→śāpenāstaṃgamitamahimā · sa pratyagraiḥ kuṭajakusumaiḥ kalpitārghāya tasmai prītaḥ prītipramukhavacanaṃ svāgataṃ vyājahāra kalpita+arghāya→kalpitārghāya · dhūmajyotiḥsalilamarutāṃ saṃnipātaḥ kva meghaḥ saṃdeśārthāḥ kva paṭukaraṇaiḥ prāṇibhiḥ prāpaṇīyāḥ saṃdeśa+arthāḥ→saṃdeśārthāḥ
ḥ t → s t	visarga	55	5.03	ityautsukyādaparigaṇayan guhyakastaṃ yayāce kāmārtā hi prakṛtikṛpaṇāścetanācetaneṣu guhyakaḥ+tam→guhyakastaṃ · mandaṃ mandaṃ nudati pavanaścānukūlo yathā tvāṃ vāmaścāyaṃ nadati madhuraṃ cātakaste sagandhaḥ cātakaḥ+te→cātakaste · mārgaṃ tāvacchṛṇu kathayatas tvatprayāṇānurūpaṃ saṃdeśaṃ me tadanu jalada śroṣyasi śrotrapeyam kathayatas+tvad · na kṣudro 'pi prathamasukṛtāpekṣayā saṃśrayāya prāpte mitre bhavati vimukhaḥ kiṃ punar yas tathoccaiḥ yas+tathā
a u → o	vowel coalescence	48	4.39	gantavyā te vasatir alakā nāma yakṣeśvarāṇāṃ bāhyodyānasthitaharaśiraścandrikādhautaharmyā bāhya+udyāna→bāhyodyānasthitaharaśiraścandrikādhautaharmyā · kartuṃ yacca prabhavati mahīm ucchilīndhrām avandhyāṃ tacchrutvā te śravaṇasubhagaṃ garjitaṃ mānasotkāḥ mānasa+utkāḥ→mānasotkāḥ · khinnaḥ khinnaḥ śikhariṣu padaṃ nyasya gantāsi yatra kṣīṇaḥ kṣīṇaḥ parilaghu payaḥ srotasāṃ copabhujya ca+upabhujya→copabhujya · adreḥ śṛṅgaṃ harati pavanaḥ kiṃsvid ityunmukhībhir dṛṣṭotsāhaś cakitacakitaṃ mugdhasiddhāṅganābhiḥ dṛṣṭa+utsāhaḥ→dṛṣṭotsāhaś
m t → ṃ t	anusvāra / nasal	43	3.93	tenārthitvaṃ tvayi vidhivaśāddūrabandhurgato 'haṃ yācñā moghā varam adhiguṇe nādhame labdhakāmā arthitvam→tenārthitvaṃ +tvayi · saṃtaptānāṃ tvamasi śaraṇaṃ tatpayoda priyāyāḥ saṃdeśaṃ me hara dhanapatikrodhaviśleṣitasya saṃtaptānāṃ+tvam · saṃtaptānāṃ tvamasi śaraṇaṃ tatpayoda priyāyāḥ saṃdeśaṃ me hara dhanapatikrodhaviśleṣitasya śaraṇaṃ+tat · kaḥ saṃnaddhe virahavidhurāṃ tvayyupekṣeta jāyāṃ na syādanyo 'pyahamiva jano yaḥ parādhīnavṛttiḥ vidhurām→virahavidhurāṃ +tvayi
m s → ṃ s	anusvāra / nasal	41	3.75	dhūmajyotiḥsalilamarutāṃ saṃnipātaḥ kva meghaḥ saṃdeśārthāḥ kva paṭukaraṇaiḥ prāṇibhiḥ prāpaṇīyāḥ marutām→dhūmajyotiḥsalilamarutāṃ +saṃnipātaḥ · āśābandhaḥ kusumasadṛśaṃ prāyaśo hyaṅganānāṃ sadyaḥ pāti praṇayi hṛdayaṃ viprayoge ruṇaddhi aṅganānām→hyaṅganānāṃ +sadyaḥ · mārgaṃ tāvacchṛṇu kathayatas tvatprayāṇānurūpaṃ saṃdeśaṃ me tadanu jalada śroṣyasi śrotrapeyam anurūpam→tvatprayāṇānurūpaṃ +saṃdeśaṃ · adreḥ śṛṅgaṃ harati pavanaḥ kiṃsvid ityunmukhībhir dṛṣṭotsāhaś cakitacakitaṃ mugdhasiddhāṅganābhiḥ kim+svid→kiṃsvid
m p → ṃ p	anusvāra / nasal	35	3.2	meghāloke bhavati sukhino 'pyanyathāvṛtti cetaḥ kaṇṭhāśleṣapraṇayini jane kiṃ punardūrasaṃsthe kiṃ+punar · tvām ārūḍhaṃ pavanapadavīm udgṛhītālakāntāḥ prekṣiṣyante pathikavanitāḥ pratyayādāśvasantyaḥ ārūḍhaṃ+pavana · āśābandhaḥ kusumasadṛśaṃ prāyaśo hyaṅganānāṃ sadyaḥ pāti praṇayi hṛdayaṃ viprayoge ruṇaddhi sadṛśam→kusumasadṛśaṃ +prāyaśo · sthānād asmāt sarasaniculād utpatodaṅmukhaḥ khaṃ diṅnāgānāṃ pathi pariharan sthūlahastāvalepān diṅnāgānāṃ+pathi
m m → ṃ m	anusvāra / nasal	35	3.2	jātaṃ vaṃśe bhuvanavidite puṣkarāvartakānāṃ jānāmi tvāṃ prakṛtipuruṣaṃ kāmarūpaṃ maghonaḥ kāmarūpaṃ+maghonaḥ · saṃtaptānāṃ tvamasi śaraṇaṃ tatpayoda priyāyāḥ saṃdeśaṃ me hara dhanapatikrodhaviśleṣitasya saṃdeśaṃ+me · mandaṃ mandaṃ nudati pavanaścānukūlo yathā tvāṃ vāmaścāyaṃ nadati madhuraṃ cātakaste sagandhaḥ mandaṃ+mandaṃ · kartuṃ yacca prabhavati mahīm ucchilīndhrām avandhyāṃ tacchrutvā te śravaṇasubhagaṃ garjitaṃ mānasotkāḥ garjitaṃ+mānasa
m n → ṃ n	anusvāra / nasal	31	2.83	kaḥ saṃnaddhe virahavidhurāṃ tvayyupekṣeta jāyāṃ na syādanyo 'pyahamiva jano yaḥ parādhīnavṛttiḥ jāyāṃ+na · mandaṃ mandaṃ nudati pavanaścānukūlo yathā tvāṃ vāmaścāyaṃ nadati madhuraṃ cātakaste sagandhaḥ mandaṃ+nudati · mandaṃ mandaṃ nudati pavanaścānukūlo yathā tvāṃ vāmaścāyaṃ nadati madhuraṃ cātakaste sagandhaḥ ayam→vāmaścāyaṃ +nadati · khinnaḥ khinnaḥ śikhariṣu padaṃ nyasya gantāsi yatra kṣīṇaḥ kṣīṇaḥ parilaghu payaḥ srotasāṃ copabhujya padaṃ+nyasya
m k → ṃ k	anusvāra / nasal	29	2.65	jātaṃ vaṃśe bhuvanavidite puṣkarāvartakānāṃ jānāmi tvāṃ prakṛtipuruṣaṃ kāmarūpaṃ maghonaḥ prakṛtipuruṣaṃ+kāmarūpaṃ · yena śyāmaṃ vapur atitarāṃ kāntim āpatsyate te barheṇeva sphuritarucinā gopaveṣasya viṣṇoḥ atitarāṃ+kāntim · tvayyāyattaṃ kṛṣiphalam iti bhrūvikārān abhijñaiḥ prītisnigdhairjanapadavadhūlocanaiḥ pīyamānaḥ āyattam→tvayyāyattaṃ +kṛṣi · sadyaḥ sīrotkaṣaṇasurabhi kṣetram āruhya mālaṃ kiṃcit paścād vraja laghugatir bhūya evottareṇa mālaṃ+kiṃcit
m v → ṃ v	anusvāra / nasal	28	2.56	āṣāḍhasya prathamadivase meghamāśliṣṭasānuṃ vaprakrīḍāpariṇatagajaprekṣaṇīyaṃ dadarśa sānum→meghamāśliṣṭasānuṃ +vapra · sa pratyagraiḥ kuṭajakusumaiḥ kalpitārghāya tasmai prītaḥ prītipramukhavacanaṃ svāgataṃ vyājahāra svāgataṃ+vyājahāra · jātaṃ vaṃśe bhuvanavidite puṣkarāvartakānāṃ jānāmi tvāṃ prakṛtipuruṣaṃ kāmarūpaṃ maghonaḥ jātaṃ+vaṃśe · āśābandhaḥ kusumasadṛśaṃ prāyaśo hyaṅganānāṃ sadyaḥ pāti praṇayi hṛdayaṃ viprayoge ruṇaddhi hṛdayaṃ+viprayoge
a ā → ā	vowel coalescence	28	2.56	tasya sthitvā kathamapi puraḥ kautukādhānahetorantarbāṣpaściram anucaro rājarājasya dadhyau kautuka+ādhāna→kautukādhānahetorantarbāṣpaściram · meghāloke bhavati sukhino 'pyanyathāvṛtti cetaḥ kaṇṭhāśleṣapraṇayini jane kiṃ punardūrasaṃsthe megha+āloke→meghāloke · meghāloke bhavati sukhino 'pyanyathāvṛtti cetaḥ kaṇṭhāśleṣapraṇayini jane kiṃ punardūrasaṃsthe kaṇṭha+āśleṣa→kaṇṭhāśleṣapraṇayini · ityautsukyādaparigaṇayan guhyakastaṃ yayāce kāmārtā hi prakṛtikṛpaṇāścetanācetaneṣu kāma+ārtāḥ→kāmārtā
m y → ṃ y	anusvāra / nasal	23	2.1	ityautsukyādaparigaṇayan guhyakastaṃ yayāce kāmārtā hi prakṛtikṛpaṇāścetanācetaneṣu tam→guhyakastaṃ +yayāce · kartuṃ yacca prabhavati mahīm ucchilīndhrām avandhyāṃ tacchrutvā te śravaṇasubhagaṃ garjitaṃ mānasotkāḥ kartuṃ+yat · nūnaṃ yāsyaty amaramithunaprekṣaṇīyām avasthāṃ madhye śyāmaḥ stana iva bhuvaḥ śeṣavistārapāṇḍuḥ nūnaṃ+yāsyaty · utpaśyāmi drutamapi sakhe matpriyārthaṃ yiyāsoḥ kālakṣepaṃ kakubhasurabhau parvate parvate te artham→matpriyārthaṃ +yiyāsoḥ
ḥ c → ś c	visarga	20	1.83	yakṣaścakre janakatanayāsnānapuṇyodakeṣu snigdhachāyātaruṣu vasatiṃ rāmagiryāśrameṣu yakṣaḥ+cakre→yakṣaścakre · adreḥ śṛṅgaṃ harati pavanaḥ kiṃsvid ityunmukhībhir dṛṣṭotsāhaś cakitacakitaṃ mugdhasiddhāṅganābhiḥ utsāhaḥ→dṛṣṭotsāhaś +cakita · tīropāntastanitasubhagaṃ pāsyasi svādu yasmāt sabhrūbhaṅgaṃ mukham iva payo vetravatyāś calormi vetravatyāś+cala · pādanyāsaiḥ kvaṇitaraśanās tatra līlāvadhūtai ratnacchāyākhacitavalibhiś cāmaraiḥ klāntahastāḥ valibhiḥ→ratnacchāyākhacitavalibhiś +cāmaraiḥ
m d → ṃ d	anusvāra / nasal	20	1.83	āṣāḍhasya prathamadivase meghamāśliṣṭasānuṃ vaprakrīḍāpariṇatagajaprekṣaṇīyaṃ dadarśa prekṣaṇīyam→vaprakrīḍāpariṇatagajaprekṣaṇīyaṃ +dadarśa · tvāṃ cāvaśyaṃ divasagaṇanātatparām ekapatnīm avyāpannām avihatagatir drakṣyasi bhrātṛjāyām avaśyam→cāvaśyaṃ +divasa · sthānād asmāt sarasaniculād utpatodaṅmukhaḥ khaṃ diṅnāgānāṃ pathi pariharan sthūlahastāvalepān khaṃ+diṅnāgānāṃ · revāṃ drakṣyasyupalaviṣame vindhyapāde viśīrṇāṃ bhakticchedair iva viracitāṃ bhūtim aṅge gajasya revāṃ+drakṣyasi
t a → d a	consonant / other	20	1.83	sthānād asmāt sarasaniculād utpatodaṅmukhaḥ khaṃ diṅnāgānāṃ pathi pariharan sthūlahastāvalepān sthānād+asmāt · vakraḥ panthā yadapi bhavataḥ prasthitasyottarāśāṃ saudhotsaṅgapraṇayavimukho mā sma bhūr ujjayinyāḥ yat+api→yadapi · pradyotasya priyaduhitaraṃ vatsarājo 'tra jahre haimaṃ tāladrumavanam abhūd atra tasyaiva rājñaḥ abhūd+atra · apyanyasmiñjaladhara mahākālam āsādya kāle sthātavyaṃ te nayanaviṣayaṃ yāvad atyeti bhānuḥ yāvad+atyeti
i a → y a	vowel coalescence	16	1.46	ityautsukyādaparigaṇayan guhyakastaṃ yayāce kāmārtā hi prakṛtikṛpaṇāścetanācetaneṣu iti+autsukyāt→ityautsukyādaparigaṇayan · āśābandhaḥ kusumasadṛśaṃ prāyaśo hyaṅganānāṃ sadyaḥ pāti praṇayi hṛdayaṃ viprayoge ruṇaddhi hi+aṅganānām→hyaṅganānāṃ · tvām āsārapraśamitavanopaplavaṃ sādhu mūrdhnā vakṣyaty adhvaśramaparigataṃ sānumān āmrakūṭaḥ vakṣyaty+adhva · nūnaṃ yāsyaty amaramithunaprekṣaṇīyām avasthāṃ madhye śyāmaḥ stana iva bhuvaḥ śeṣavistārapāṇḍuḥ yāsyaty+amara
m ś → ṃ ś	anusvāra / nasal	13	1.19	prāpyāvantīn udayanakathākovidagrāmavṛddhān pūrvoddiṣṭām upasara purīṃ śrīviśālāṃ viśālām purīṃ+śrī · svalpībhūte sucaritaphale svargiṇāṃ gāṃ gatānāṃ śeṣaiḥ puṇyair hṛtam iva divaḥ kāntimat khaṇḍam ekam gatānāṃ+śeṣaiḥ · kurvan saṃdhyābalipaṭahatāṃ śūlinaḥ ślāghanīyām āmandrāṇāṃ phalam avikalaṃ lapsyase garjitānām paṭahatām→saṃdhyābalipaṭahatāṃ +śūlinaḥ · nṛttārambhe hara paśupater ārdranāgājinecchāṃ śāntodvegastimitanayanaṃ dṛṣṭabhaktir bhavānyā icchām→ārdranāgājinecchāṃ +śānta
m c → ṃ c	anusvāra / nasal	12	1.1	mandaṃ mandaṃ nudati pavanaścānukūlo yathā tvāṃ vāmaścāyaṃ nadati madhuraṃ cātakaste sagandhaḥ madhuraṃ+cātakaḥ · khinnaḥ khinnaḥ śikhariṣu padaṃ nyasya gantāsi yatra kṣīṇaḥ kṣīṇaḥ parilaghu payaḥ srotasāṃ copabhujya srotasāṃ+ca · dṛṣṭvā yasyāṃ vipaṇiracitān vidrumāṇāṃ ca bhaṅgān saṃlakṣyante salilanidhayas toyamātrāvaśeṣāḥ vidrumāṇāṃ+ca · tāṃ kasyāṃcid bhavanavalabhau suptapārāvatāyāṃ nītvā rātriṃ ciravilasanāt khinnavidyutkalatraḥ rātriṃ+cira
ḥ m → r m	visarga	12	1.1	dhūtodyānaṃ kuvalayarajogandhibhir gandhavatyās toyakrīḍāniratayuvatisnānatiktair marudbhiḥ tiktaiḥ→toyakrīḍāniratayuvatisnānatiktair +marudbhiḥ · ārādhyainaṃ śaravaṇabhavaṃ devam ullaṅghitādhvā siddhadvandvair jalakaṇabhayād vīṇibhir muktamārgaḥ vīṇibhir+mukta · āsīnānāṃ surabhitaśilaṃ nābhigandhair mṛgāṇāṃ tasyā eva prabhavam acalaṃ prāpya gauraṃ tuṣāraiḥ gandhaiḥ→nābhigandhair +mṛgāṇāṃ · mandākinyāḥ salilaśiśiraiḥ sevyamānā marudbhir mandārāṇām anutaṭaruhāṃ chāyayā vāritoṣṇāḥ marudbhir+mandārāṇām
m g → ṃ g	anusvāra / nasal	11	1.01	kartuṃ yacca prabhavati mahīm ucchilīndhrām avandhyāṃ tacchrutvā te śravaṇasubhagaṃ garjitaṃ mānasotkāḥ subhagam→śravaṇasubhagaṃ +garjitaṃ · jagdhvāraṇyeṣv adhikasurabhiṃ gandham āghrāya corvyāḥ sāraṅgās te jalalavamucaḥ sūcayiṣyanti mārgam surabhim→adhikasurabhiṃ +gandham · teṣāṃ dikṣu prathitavidiśālakṣaṇāṃ rājadhānīṃ gatvā sadyaḥ phalam avikalaṃ kāmukatvasya labdhā rājadhānīṃ+gatvā · nīcairākhyaṃ girim adhivases tatra viśrāmahetos tvatsamparkāt pulakitam iva prauḍhapuṣpaiḥ kadambaiḥ nīcairākhyaṃ+girim
ḥ n → r n	visarga	11	1.01	pāṇḍucchāyopavanavṛtayaḥ ketakaiḥ sūcibhinnair nīḍārambhair gṛhabalibhujām ākulagrāmacaityāḥ bhinnaiḥ→sūcibhinnair +nīḍa · yaḥ puṇyastrīratiparimalodgāribhir nāgarāṇām uddāmāni prathayati śilāveśmabhir yauvanāni udgāribhiḥ→puṇyastrīratiparimalodgāribhir +nāgarāṇām · rakṣāhetor navaśaśibhṛtā vāsavīnāṃ camūnām atyādityaṃ hutavahamukhe saṃbhṛtaṃ taddhi tejaḥ hetoḥ→rakṣāhetor +navaśaśibhṛtā · dhautāpāṅgaṃ haraśaśirucā pāvakes taṃ mayūraṃ paścād adrigrahaṇagurubhir garjitair nartayethāḥ garjitair+nartayethāḥ
aḥ v → o v	visarga	11	1.01	tīropāntastanitasubhagaṃ pāsyasi svādu yasmāt sabhrūbhaṅgaṃ mukham iva payo vetravatyāś calormi payo+vetravatyāś · prasthānaṃ te kathamapi sakhe lambamānasya bhāvi jñātāsvādo vivṛtajaghanāṃ ko vihātuṃ samarthaḥ ko+vihātuṃ · prasthānaṃ te kathamapi sakhe lambamānasya bhāvi jñātāsvādo vivṛtajaghanāṃ ko vihātuṃ samarthaḥ āsvādaḥ→jñātāsvādo +vivṛta · nīcair vāsyaty upajigamiṣor devapūrvaṃ giriṃ te śīto vāyuḥ pariṇamayitā kānanodumbarāṇām śīto+vāyuḥ
i ā → y ā	vowel coalescence	10	0.91	yakṣaścakre janakatanayāsnānapuṇyodakeṣu snigdhachāyātaruṣu vasatiṃ rāmagiryāśrameṣu rāmagiri+āśrameṣu→rāmagiryāśrameṣu · tvayyāyattaṃ kṛṣiphalam iti bhrūvikārān abhijñaiḥ prītisnigdhairjanapadavadhūlocanaiḥ pīyamānaḥ tvayi+āyattam→tvayyāyattaṃ · channopāntaḥ pariṇataphaladyotibhiḥ kānanāmrais tvayy ārūḍhe śikharam acalaḥ snigdhaveṇīsavarṇe tvayy+ārūḍhe · tvayy āsanne pariṇataphalaśyāmajambūvanāntāḥ sampatsyante katipayadinasthāyihaṃsā daśārṇāḥ tvayy+āsanne
ḥ a → r a	visarga	10	0.91	gantavyā te vasatir alakā nāma yakṣeśvarāṇāṃ bāhyodyānasthitaharaśiraścandrikādhautaharmyā vasatir+alakā · yena śyāmaṃ vapur atitarāṃ kāntim āpatsyate te barheṇeva sphuritarucinā gopaveṣasya viṣṇoḥ vapur+atitarāṃ · nīpaṃ dṛṣṭvā haritakapiśaṃ kesarair ardharūḍhair āvirbhūtaprathamamukulāḥ kandalīś cānukaccham kesarair+ardha · tasmin kāle nayanasalilaṃ yoṣitāṃ khaṇḍitānāṃ śāntiṃ neyaṃ praṇayibhir ato vartma bhānos tyajāśu praṇayibhir+ato
aḥ m → o m	visarga	10	0.91	āsāreṇa tvam api śamayes tasya naidāgham agniṃ sadbhāvārdraḥ phalati na cireṇopakāro mahatsu upakāraḥ→cireṇopakāro +mahatsu · vakraḥ panthā yadapi bhavataḥ prasthitasyottarāśāṃ saudhotsaṅgapraṇayavimukho mā sma bhūr ujjayinyāḥ vimukhaḥ→saudhotsaṅgapraṇayavimukho +mā · saudāmanyā kanakanikaṣasnigdhayā darśayorvīṃ toyotsargastanitamukharo mā ca bhūr viklavāstāḥ mukharaḥ→toyotsargastanitamukharo +mā · śobhām adreḥ stimitanayanaprekṣaṇīyāṃ bhavitrīm aṃsanyaste sati halabhṛto mecake vāsasīva halabhṛto+mecake
ḥ v → r v	visarga	10	0.91	tasyās tiktair vanagajamadair vāsitaṃ vāntavṛṣṭir jambūkuñjapratihatarayaṃ toyam ādāya gaccheḥ tiktair+vana · tasyās tiktair vanagajamadair vāsitaṃ vāntavṛṣṭir jambūkuñjapratihatarayaṃ toyam ādāya gaccheḥ madaiḥ→vanagajamadair +vāsitaṃ · vidyuddāmasphuritacakitais tatra paurāṅganānāṃ lolāpāṅgair yadi na ramase locanair vañcito 'si locanair+vañcito · saudāmanyā kanakanikaṣasnigdhayā darśayorvīṃ toyotsargastanitamukharo mā ca bhūr viklavāstāḥ bhūr+viklavāḥ
m r → ṃ r	anusvāra / nasal	9	0.82	yakṣaścakre janakatanayāsnānapuṇyodakeṣu snigdhachāyātaruṣu vasatiṃ rāmagiryāśrameṣu vasatiṃ+rāmagiri · āpṛcchasva priyasakham amuṃ tuṅgam āliṅgya śailaṃ vandyaiḥ puṃsāṃ raghupatipadairaṅkitaṃ mekhalāsu puṃsāṃ+raghupati · teṣāṃ dikṣu prathitavidiśālakṣaṇāṃ rājadhānīṃ gatvā sadyaḥ phalam avikalaṃ kāmukatvasya labdhā lakṣaṇām→prathitavidiśālakṣaṇāṃ +rājadhānīṃ · gacchantīnāṃ ramaṇavasatiṃ yoṣitāṃ tatra naktaṃ ruddhāloke narapatipathe sūcibhedyais tamobhiḥ naktaṃ+ruddha
m j → ṃ j	anusvāra / nasal	9	0.82	jātaṃ vaṃśe bhuvanavidite puṣkarāvartakānāṃ jānāmi tvāṃ prakṛtipuruṣaṃ kāmarūpaṃ maghonaḥ puṣkarāvartakānāṃ+jānāmi · tvayy ādātuṃ jalam avanate śārṅgiṇo varṇacaure tasyāḥ sindhoḥ pṛthum api tanuṃ dūrabhāvāt pravāham ādātuṃ+jalam · brahmāvartaṃ janapadam atha chāyayā gāhamānaḥ kṣetraṃ kṣatrapradhanapiśunaṃ kauravaṃ tad bhajethāḥ brahmāvartaṃ+janapadam · tasmād gaccher anu kanakhalaṃ śailarājāvatīrṇāṃ jahnoḥ kanyāṃ sagaratanayasvargasopānapaṅktim avatīrṇām→śailarājāvatīrṇāṃ +jahnoḥ
aḥ y → o y	visarga	9	0.82	kaḥ saṃnaddhe virahavidhurāṃ tvayyupekṣeta jāyāṃ na syādanyo 'pyahamiva jano yaḥ parādhīnavṛttiḥ jano+yaḥ · mandaṃ mandaṃ nudati pavanaścānukūlo yathā tvāṃ vāmaścāyaṃ nadati madhuraṃ cātakaste sagandhaḥ anukūlaḥ→pavanaścānukūlo +yathā · kāle kāle bhavati bhavato yasya saṃyogametya snehavyaktiściravirahajaṃ muñcato bāṣpamuṣṇam bhavato+yasya · atrodbhrāntaḥ kila nalagiriḥ stambham utpāṭya darpād ity āgantūn ramayati jano yatra bandhūn abhijñaḥ jano+yatra
ḥ i → Ø i	visarga	9	0.82	nūnaṃ yāsyaty amaramithunaprekṣaṇīyām avasthāṃ madhye śyāmaḥ stana iva bhuvaḥ śeṣavistārapāṇḍuḥ stana+iva · yatra strīṇāṃ harati surataglānim aṅgānukūlaḥ śiprāvātaḥ priyatama iva prārthanācāṭukāraḥ priyatama+iva · tasyāḥ pātuṃ suragaja iva vyomni paścārdhalambī tvaṃ ced acchasphaṭikaviśadaṃ tarkayes tiryag ambhaḥ gajaḥ→suragaja +iva · nirhrādas te muraja iva cet kandareṣu dhvaniḥ syāt saṃgītārtho nanu paśupates tatra bhāvī samagraḥ muraja+iva
u a → v a	vowel coalescence	9	0.82	jagdhvāraṇyeṣv adhikasurabhiṃ gandham āghrāya corvyāḥ sāraṅgās te jalalavamucaḥ sūcayiṣyanti mārgam araṇyeṣu→jagdhvāraṇyeṣv +adhika · harmyeṣv asyāḥ kusumasurabhiṣv adhvakhedaṃ nayethā lakṣmīṃ paśyaṃl lalitavanitāpādarāgāṅkiteṣu harmyeṣv+asyāḥ · harmyeṣv asyāḥ kusumasurabhiṣv adhvakhedaṃ nayethā lakṣmīṃ paśyaṃl lalitavanitāpādarāgāṅkiteṣu surabhiṣu→kusumasurabhiṣv +adhva · sabhrūbhaṅgaprahitanayanaiḥ kāmilakṣyeṣv amoghais tasyārambhaś caturavanitāvibhramair eva siddhaḥ lakṣyeṣu→kāmilakṣyeṣv +amoghais
a e → ai	vowel coalescence	9	0.82	pradyotasya priyaduhitaraṃ vatsarājo 'tra jahre haimaṃ tāladrumavanam abhūd atra tasyaiva rājñaḥ tasya+eva→tasyaiva · ārādhyainaṃ śaravaṇabhavaṃ devam ullaṅghitādhvā siddhadvandvair jalakaṇabhayād vīṇibhir muktamārgaḥ ārādhya+enam→ārādhyainaṃ · tāṃ jānīthāḥ parimitakathāṃ jīvitaṃ me dvitīyaṃ dūrībhūte mayi sahacare cakravākīm ivaikām iva+ekām→ivaikām · sambhogaṃ vā hṛdayanihitārambham āsvādayantī prāyeṇaite ramaṇaviraheṣv aṅganānāṃ vinodāḥ prāyeṇa+ete→prāyeṇaite
i u → y u	vowel coalescence	8	0.73	kaḥ saṃnaddhe virahavidhurāṃ tvayyupekṣeta jāyāṃ na syādanyo 'pyahamiva jano yaḥ parādhīnavṛttiḥ tvayi+upekṣeta→tvayyupekṣeta · revāṃ drakṣyasyupalaviṣame vindhyapāde viśīrṇāṃ bhakticchedair iva viracitāṃ bhūtim aṅge gajasya drakṣyasi+upala→drakṣyasyupalaviṣame · nīcair vāsyaty upajigamiṣor devapūrvaṃ giriṃ te śīto vāyuḥ pariṇamayitā kānanodumbarāṇām vāsyaty+upajigamiṣor · arhasy enaṃ śamayitum alaṃ vāridhārāsahasrair āpannārtipraśamanaphalāḥ saṃpado hy uttamānām hy+uttamānām
m h → ṃ h	anusvāra / nasal	8	0.73	adreḥ śṛṅgaṃ harati pavanaḥ kiṃsvid ityunmukhībhir dṛṣṭotsāhaś cakitacakitaṃ mugdhasiddhāṅganābhiḥ śṛṅgaṃ+harati · yatra strīṇāṃ harati surataglānim aṅgānukūlaḥ śiprāvātaḥ priyatama iva prārthanācāṭukāraḥ strīṇāṃ+harati · tasyāḥ kiṃcit karadhṛtam iva prāptavānīraśākhaṃ hṛtvā nīlaṃ salilavasanaṃ muktarodhonitambam śākham→prāptavānīraśākhaṃ +hṛtvā · rakṣāhetor navaśaśibhṛtā vāsavīnāṃ camūnām atyādityaṃ hutavahamukhe saṃbhṛtaṃ taddhi tejaḥ ādityam→atyādityaṃ +hutavaha
t v → d v	consonant / other	8	0.73	ratnacchāyāvyatikara iva prekṣyametatpurastād valmīkāgrāt prabhavati dhanuḥkhaṇḍam ākhaṇḍalasya purastāt→prekṣyametatpurastād +valmīkāgrāt · sadyaḥ sīrotkaṣaṇasurabhi kṣetram āruhya mālaṃ kiṃcit paścād vraja laghugatir bhūya evottareṇa paścād+vraja · ārādhyainaṃ śaravaṇabhavaṃ devam ullaṅghitādhvā siddhadvandvair jalakaṇabhayād vīṇibhir muktamārgaḥ bhayāt→jalakaṇabhayād +vīṇibhir · nāpy anyasmāt praṇayakalahād viprayogopapattir vitteśānāṃ na ca khalu vayo yauvanād anyad asti kalahāt→praṇayakalahād +viprayoga
m bh → ṃ bh	anusvāra / nasal	8	0.73	revāṃ drakṣyasyupalaviṣame vindhyapāde viśīrṇāṃ bhakticchedair iva viracitāṃ bhūtim aṅge gajasya viśīrṇāṃ+bhakticchedair · revāṃ drakṣyasyupalaviṣame vindhyapāde viśīrṇāṃ bhakticchedair iva viracitāṃ bhūtim aṅge gajasya viracitāṃ+bhūtim · jyotirlekhāvalayi galitaṃ yasya barhaṃ bhavānī putrapremṇā kuvalayadalaprāpi karṇe karoti barhaṃ+bhavānī · tatra vyaktaṃ dṛṣadi caraṇanyāsam ardhendumauleḥ śaśvat siddhair upacitabaliṃ bhaktinamraḥ parīyāḥ balim→upacitabaliṃ +bhakti
ḥ ā → r ā	visarga	8	0.73	nīpaṃ dṛṣṭvā haritakapiśaṃ kesarair ardharūḍhair āvirbhūtaprathamamukulāḥ kandalīś cānukaccham rūḍhaiḥ→ardharūḍhair +āvirbhūta · nṛttārambhe hara paśupater ārdranāgājinecchāṃ śāntodvegastimitanayanaṃ dṛṣṭabhaktir bhavānyā paśupater+ārdra · arhasy enaṃ śamayitum alaṃ vāridhārāsahasrair āpannārtipraśamanaphalāḥ saṃpado hy uttamānām sahasraiḥ→vāridhārāsahasrair +āpanna · netrā nītāḥ satatagatinā yadvimānāgrabhūmīr ālekhyānāṃ salilakaṇikādoṣam utpādya sadyaḥ bhūmīḥ→yadvimānāgrabhūmīr +ālekhyānāṃ
d s → t s	consonant / other	8	0.73	nīcairākhyaṃ girim adhivases tatra viśrāmahetos tvatsamparkāt pulakitam iva prauḍhapuṣpaiḥ kadambaiḥ tvad+samparkāt→tvatsamparkāt · tvatsaṃrodhāpagamaviśadaiś candrapādair niśīthe vyālumpanti sphuṭajalalavasyandinaś candrakāntāḥ tvad+saṃrodha→tvatsaṃrodhāpagamaviśadaiś · āloke te nipatati purā sā balivyākulā vā matsādṛśyaṃ virahatanu vā bhāvagamyaṃ likhantī mad+sādṛśyam→matsādṛśyaṃ · matsaṃdeśaiḥ sukhayitum alaṃ paśya sādhvīṃ niśīthe tām unnidrām avaniśayanāṃ saudhavātāyanasthaḥ mad+saṃdeśaiḥ→matsaṃdeśaiḥ
ḥ y → r y	visarga	8	0.73	yaḥ puṇyastrīratiparimalodgāribhir nāgarāṇām uddāmāni prathayati śilāveśmabhir yauvanāni veśmabhiḥ→śilāveśmabhir +yauvanāni · viśrāntaḥ san vraja vananadītīrajānāṃ niṣiñcannudyānānāṃ navajalakaṇair yūthikājālakāni kaṇaiḥ→navajalakaṇair +yūthikā · vidyuddāmasphuritacakitais tatra paurāṅganānāṃ lolāpāṅgair yadi na ramase locanair vañcito 'si apāṅgaiḥ→lolāpāṅgair +yadi · rājanyānāṃ śitaśaraśatair yatra gāṇḍīvadhanvā dhārāpātais tvam iva kamalāny abhyavarṣan mukhāni śataiḥ→śitaśaraśatair +yatra
m b → ṃ b	anusvāra / nasal	7	0.64	gantavyā te vasatir alakā nāma yakṣeśvarāṇāṃ bāhyodyānasthitaharaśiraścandrikādhautaharmyā īśvarāṇām→yakṣeśvarāṇāṃ +bāhya · garbhādhānakṣaṇaparicayān nūnam ābaddhamālāḥ seviṣyante nayanasubhagaṃ khe bhavantaṃ balākāḥ bhavantaṃ+balākāḥ · hitvā hālām abhimatarasāṃ revatīlocanāṅkāṃ bandhuprītyā samaravimukho lāṅgalī yāḥ siṣeve aṅkām→revatīlocanāṅkāṃ +bandhu · tām āyuṣman mama ca vacanād ātmanaś copakartuṃ brūyā evaṃ tava sahacaro rāmagiryāśramasthaḥ upakartum→copakartuṃ +brūyā
ḥ d → r d	visarga	7	0.64	tvāṃ cāvaśyaṃ divasagaṇanātatparām ekapatnīm avyāpannām avihatagatir drakṣyasi bhrātṛjāyām gatiḥ→avihatagatir +drakṣyasi · adreḥ śṛṅgaṃ harati pavanaḥ kiṃsvid ityunmukhībhir dṛṣṭotsāhaś cakitacakitaṃ mugdhasiddhāṅganābhiḥ unmukhābhiḥ→ityunmukhībhir +dṛṣṭa · jālodgīrṇair upacitavapuḥ keśasaṃskāradhūpair bandhuprītyā bhavanaśikhibhir dattanṛtyopahāraḥ śikhibhiḥ→bhavanaśikhibhir +datta · nīcair vāsyaty upajigamiṣor devapūrvaṃ giriṃ te śīto vāyuḥ pariṇamayitā kānanodumbarāṇām upajigamiṣor+deva
t i → d i	consonant / other	7	0.64	atrodbhrāntaḥ kila nalagiriḥ stambham utpāṭya darpād ity āgantūn ramayati jano yatra bandhūn abhijñaḥ darpād+ity · gaurīvaktrabhrukuṭiracanāṃ yā vihasyeva phenaiḥ śambhoḥ keśagrahaṇam akarod indulagnormihastā akarod+indu · ānandotthaṃ nayanasalilaṃ yatra nānyair nimittair nānyas tāpaṃ kusumaśarajād iṣṭasaṃyogasādhyāt jāt→kusumaśarajād +iṣṭa · hastanyastaṃ mukham asakalavyakti lambālakatvād indor dainyaṃ tvadanusaraṇakliṣṭakānter bibharti tvāt→lambālakatvād +indor
s k → ḥ k	consonant / other	6	0.55	tasya sthitvā kathamapi puraḥ kautukādhānahetorantarbāṣpaściram anucaro rājarājasya dadhyau puraḥ+kautuka · śuklāpāṅgaiḥ sajalanayanaiḥ svāgatīkṛtya kekāḥ pratudyātaḥ katham api bhavān gantum āśu vyavasyet atas→pratudyātaḥ +katham · utpaśyāmi tvayi taṭagate snigdhabhinnāñjanābhe sadyaḥ kṛttadviradadaśanacchedagaurasya tasya sadyaḥ+kṛtta · gatvā sadyaḥ kalabhatanutāṃ śīghrasaṃpātahetoḥ krīḍāśaile prathamakathite ramyasānau niṣaṇṇaḥ sadyaḥ+kalabha
ḥ u → r u	visarga	6	0.55	vakraḥ panthā yadapi bhavataḥ prasthitasyottarāśāṃ saudhotsaṅgapraṇayavimukho mā sma bhūr ujjayinyāḥ bhūr+ujjayinyāḥ · jālodgīrṇair upacitavapuḥ keśasaṃskāradhūpair bandhuprītyā bhavanaśikhibhir dattanṛtyopahāraḥ udgīrṇaiḥ→jālodgīrṇair +upacita · tatra vyaktaṃ dṛṣadi caraṇanyāsam ardhendumauleḥ śaśvat siddhair upacitabaliṃ bhaktinamraḥ parīyāḥ siddhair+upacita · prāleyādrer upataṭam atikramya tāṃs tān viśeṣān haṃsadvāraṃ bhṛgupatiyaśovartma yat krauñcarandhram prāleyādrer+upataṭam
ḥ n → Ø n	visarga	6	0.55	yatronmattabhramaramukharāḥ pādapā nityapuṣpā haṃsaśreṇīracitaraśanā nityapadmā nalinyaḥ pādapā+nitya · yatronmattabhramaramukharāḥ pādapā nityapuṣpā haṃsaśreṇīracitaraśanā nityapadmā nalinyaḥ raśanāḥ→haṃsaśreṇīracitaraśanā +nitya · yatronmattabhramaramukharāḥ pādapā nityapuṣpā haṃsaśreṇīracitaraśanā nityapadmā nalinyaḥ padmāḥ→nityapadmā +nalinyaḥ · kekotkaṇṭhā bhuvanaśikhino nityabhāsvatkalāpā nityajyotsnāḥ prahitatamovṛttiramyāḥ pradoṣāḥ kalāpāḥ→nityabhāsvatkalāpā +nitya
m dh → ṃ dh	anusvāra / nasal	6	0.55	matvā devaṃ dhanapatisakhaṃ yatra sākṣād vasantaṃ prāyaś cāpaṃ na vahati bhayān manmathaḥ ṣaṭpadajyam devaṃ+dhanapati · tatrāgāraṃ dhanapatigṛhān uttareṇāsmadīyaṃ dūrāl lakṣyaṃ surapatidhanuścāruṇā toraṇena āgāram→tatrāgāraṃ +dhanapati · sā saṃnyastābharaṇam abalā peśalaṃ dhārayantī śayyotsaṅge nihitam asakṛd duḥkhaduḥkhena gātram peśalaṃ+dhārayantī · vidyudgarbhaḥ stimitanayanāṃ tvatsanāthe gavākṣe vaktuṃ dhīraḥ stanitavacanair māninīṃ prakramethāḥ vaktuṃ+dhīraḥ
aḥ a → o a	visarga	5	0.46	meghāloke bhavati sukhino 'pyanyathāvṛtti cetaḥ kaṇṭhāśleṣapraṇayini jane kiṃ punardūrasaṃsthe sukhino+api · tenārthitvaṃ tvayi vidhivaśāddūrabandhurgato 'haṃ yācñā moghā varam adhiguṇe nādhame labdhakāmā gataḥ→vidhivaśāddūrabandhurgato +'haṃ · kaḥ saṃnaddhe virahavidhurāṃ tvayyupekṣeta jāyāṃ na syādanyo 'pyahamiva jano yaḥ parādhīnavṛttiḥ anyaḥ→syādanyo +api · pradyotasya priyaduhitaraṃ vatsarājo 'tra jahre haimaṃ tāladrumavanam abhūd atra tasyaiva rājñaḥ rājaḥ→vatsarājo +'tra
t ā → d ā	consonant / other	5	0.46	tvām ārūḍhaṃ pavanapadavīm udgṛhītālakāntāḥ prekṣiṣyante pathikavanitāḥ pratyayādāśvasantyaḥ pratyayāt+āśvasantyaḥ→pratyayādāśvasantyaḥ · tām āyuṣman mama ca vacanād ātmanaś copakartuṃ brūyā evaṃ tava sahacaro rāmagiryāśramasthaḥ vacanād+ātmanaś · śabdākhyeyaṃ yadapi kila te yaḥ sakhīnāṃ purastāt karṇe lolaḥ kathayitum abhūd ānanasparśalobhāt abhūd+ānana · paścād āvāṃ virahaguṇitaṃ taṃ tam ātmābhilāṣaṃ nirvekṣyāvaḥ pariṇataśaraccandrikāsu kṣapāsu paścād+āvāṃ
t u → d u	consonant / other	5	0.46	sthānād asmāt sarasaniculād utpatodaṅmukhaḥ khaṃ diṅnāgānāṃ pathi pariharan sthūlahastāvalepān niculāt→sarasaniculād +utpata · paścād uccairbhujataruvanaṃ maṇḍalenābhilīnaḥ sāṃdhyaṃ tejaḥ pratinavajapāpuṣparaktaṃ dadhānaḥ paścād+uccais · tām uttīrya vraja paricitabhrūlatāvibhramāṇāṃ pakṣmotkṣepād uparivilasatkṛṣṇaśāraprabhāṇām utkṣepāt→pakṣmotkṣepād +upari · arhasy antarbhavanapatitāṃ kartum alpālpabhāsaṃ khadyotālīvilasitanibhāṃ vidyudunmeṣadṛṣṭim vidyut+unmeṣa→vidyudunmeṣadṛṣṭim
ḥ bh → r bh	visarga	5	0.46	sadyaḥ sīrotkaṣaṇasurabhi kṣetram āruhya mālaṃ kiṃcit paścād vraja laghugatir bhūya evottareṇa gatiḥ→laghugatir +bhūya · nṛttārambhe hara paśupater ārdranāgājinecchāṃ śāntodvegastimitanayanaṃ dṛṣṭabhaktir bhavānyā bhaktiḥ→dṛṣṭabhaktir +bhavānyā · ye saṃrambhotpatanarabhasāḥ svāṅgabhaṅgāya tasmin muktādhvānaṃ sapadi śarabhā laṅghayeyur bhavantam laṅghayeyur+bhavantam · tābhyo mokṣas tava yadi sakhe gharmalabdhasya na syāt krīḍālolāḥ śravaṇaparuṣair garjitair bhāyayes tāḥ garjitair+bhāyayes
aḥ a → o '	visarga	5	0.46	na kṣudro 'pi prathamasukṛtāpekṣayā saṃśrayāya prāpte mitre bhavati vimukhaḥ kiṃ punar yas tathoccaiḥ kṣudro+'pi · vidyuddāmasphuritacakitais tatra paurāṅganānāṃ lolāpāṅgair yadi na ramase locanair vañcito 'si vañcito+'si · prāleyāstraṃ kamalavadanāt so 'pi hartuṃ nalinyāḥ pratyāvṛttastvayi kararudhi syād analpābhyasūyaḥ so+'pi · so 'tikrāntaḥ śravaṇaviṣayaṃ locanābhyām adṛṣṭas tvām utkaṇṭhāviracitapadaṃ manmukhenedam āha so+'tikrāntaḥ
ā u → o	vowel coalescence	5	0.46	na kṣudro 'pi prathamasukṛtāpekṣayā saṃśrayāya prāpte mitre bhavati vimukhaḥ kiṃ punar yas tathoccaiḥ tathā+uccais→tathoccaiḥ · kekotkaṇṭhā bhuvanaśikhino nityabhāsvatkalāpā nityajyotsnāḥ prahitatamovṛttiramyāḥ pradoṣāḥ kekā+utkaṇṭhāḥ→kekotkaṇṭhā · ādye baddhā virahadivase yā śikhā dāma hitvā śāpasyānte vigalitaśucā tāṃ mayodveṣṭanīyām mayā+udveṣṭanīyām→mayodveṣṭanīyām · sā saṃnyastābharaṇam abalā peśalaṃ dhārayantī śayyotsaṅge nihitam asakṛd duḥkhaduḥkhena gātram śayyā+utsaṅge→śayyotsaṅge
ā a → ā	vowel coalescence	5	0.46	jagdhvāraṇyeṣv adhikasurabhiṃ gandham āghrāya corvyāḥ sāraṅgās te jalalavamucaḥ sūcayiṣyanti mārgam jagdhvā+araṇyeṣu→jagdhvāraṇyeṣv · pādanyāsaiḥ kvaṇitaraśanās tatra līlāvadhūtai ratnacchāyākhacitavalibhiś cāmaraiḥ klāntahastāḥ līlā+avadhūtaiḥ→līlāvadhūtai · dṛṣṭe sūrye punarapi bhavān vāhayedadhvaśeṣaṃ mandāyante na khalu suhṛdām abhyupetārthakṛtyāḥ abhyupetā+artha→abhyupetārthakṛtyāḥ · saṃsarpantyā sapadi bhavataḥ srotasi chāyayāsau syād asthānopagatayamunāsaṃgamevābhirāmā chāyayā+asau→chāyayāsau
m l → ṃ l	anusvāra / nasal	5	0.46	vidyuddāmasphuritacakitais tatra paurāṅganānāṃ lolāpāṅgair yadi na ramase locanair vañcito 'si aṅganānām→paurāṅganānāṃ +lola · kurvan saṃdhyābalipaṭahatāṃ śūlinaḥ ślāghanīyām āmandrāṇāṃ phalam avikalaṃ lapsyase garjitānām vikalam→avikalaṃ +lapsyase · vidhunvantaṃ lalitavanitāḥ sendracāpaṃ sacitrāḥ saṃgītāya prahatamurajāḥ snigdhagambhīraghoṣam vidhunvantaṃ+lalita · āloke te nipatati purā sā balivyākulā vā matsādṛśyaṃ virahatanu vā bhāvagamyaṃ likhantī gamyam→bhāvagamyaṃ +likhantī
aḥ n → o n	visarga	5	0.46	veśyās tvatto nakhapadasukhān prāpya varṣāgrabindūn āmokṣyante tvayi madhukaraśreṇidīrghān kaṭākṣān tvatto+nakha · prekṣiṣyante gaganagatayo nūnam āvarjya dṛṣṭir ekaṃ muktāguṇam iva bhuvaḥ sthūlamadhyendranīlam gatayaḥ→gaganagatayo +nūnam · nirhrādas te muraja iva cet kandareṣu dhvaniḥ syāt saṃgītārtho nanu paśupates tatra bhāvī samagraḥ arthaḥ→saṃgītārtho +nanu · kekotkaṇṭhā bhuvanaśikhino nityabhāsvatkalāpā nityajyotsnāḥ prahitatamovṛttiramyāḥ pradoṣāḥ śikhinaḥ→bhuvanaśikhino +nitya
d k → t k	consonant / other	4	0.37	kaścit kāntāvirahaguruṇā svādhikārāt pramattaḥ śāpenāstaṃgamitamahimā varṣabhogyeṇa bhartuḥ kaścit+kāntā · tasyāḥ kiṃcit karadhṛtam iva prāptavānīraśākhaṃ hṛtvā nīlaṃ salilavasanaṃ muktarodhonitambam kiṃcit+kara · nirhrādas te muraja iva cet kandareṣu dhvaniḥ syāt saṃgītārtho nanu paśupates tatra bhāvī samagraḥ cet+kandareṣu · bhittvā sadyaḥ kisalayapuṭān devadārudrumāṇāṃ ye tatkṣīrasrutisurabhayo dakṣiṇena pravṛttāḥ tad+kṣīra→tatkṣīrasrutisurabhayo
ā ā → m ā	vowel coalescence	4	0.37	tvām ārūḍhaṃ pavanapadavīm udgṛhītālakāntāḥ prekṣiṣyante pathikavanitāḥ pratyayādāśvasantyaḥ tvām+ārūḍhaṃ · tvām āsārapraśamitavanopaplavaṃ sādhu mūrdhnā vakṣyaty adhvaśramaparigataṃ sānumān āmrakūṭaḥ tvām+āsāra · tvām āsādya stanitasamaye mānayiṣyanti siddhāḥ sotkampāni priyasahacarīsambhramāliṅgitāni tvām+āsādya · tvām ālikhya praṇayakupitāṃ dhāturāgaiḥ śilāyām ātmānaṃ te caraṇapatitaṃ yāvad icchāmi kartum tvām+ālikhya
aḥ b → o b	visarga	4	0.37	kāle kāle bhavati bhavato yasya saṃyogametya snehavyaktiściravirahajaṃ muñcato bāṣpamuṣṇam muñcato+bāṣpam · ambhobindugrahaṇacaturāṃś cātakān vīkṣamāṇāḥ śreṇībhūtāḥ parigaṇanayā nirdiśanto balākāḥ nirdiśanto+balākāḥ · tenodīcīṃ diśam anusares tiryag āyāmaśobhī śyāmaḥ pādo baliniyamanābhyudyatasyeva viṣṇoḥ pādo+bali · yasyopānte kṛtakatanayaḥ kāntayā vardhito me hastaprāpyastabakanamito bālamandāravṛkṣaḥ namitaḥ→hastaprāpyastabakanamito +bāla
d p → t p	consonant / other	4	0.37	mārgaṃ tāvacchṛṇu kathayatas tvatprayāṇānurūpaṃ saṃdeśaṃ me tadanu jalada śroṣyasi śrotrapeyam tvad+prayāṇa→tvatprayāṇānurūpaṃ · sadyaḥ sīrotkaṣaṇasurabhi kṣetram āruhya mālaṃ kiṃcit paścād vraja laghugatir bhūya evottareṇa kiṃcit+paścād · sthitvā tasmin vanacaravadhūbhuktakuñje muhūrtaṃ toyotsargadrutataragatis tatparaṃ vartma tīrṇaḥ tad+param→tatparaṃ · utpaśyāmi drutamapi sakhe matpriyārthaṃ yiyāsoḥ kālakṣepaṃ kakubhasurabhau parvate parvate te mad+priya→matpriyārthaṃ
ḥ j → r j	visarga	4	0.37	tasyās tiktair vanagajamadair vāsitaṃ vāntavṛṣṭir jambūkuñjapratihatarayaṃ toyam ādāya gaccheḥ vṛṣṭiḥ→vāntavṛṣṭir +jambu · ārādhyainaṃ śaravaṇabhavaṃ devam ullaṅghitādhvā siddhadvandvair jalakaṇabhayād vīṇibhir muktamārgaḥ dvaṃdvaiḥ→siddhadvandvair +jala · dhunvan kalpadrumakisalayāny aṃśukānīva vātair nānāceṣṭair jaladalalitair nirviśes taṃ nagendram ceṣṭaiḥ→nānāceṣṭair +jalada · tām utthāpya svajalakaṇikāśītalenānilena pratyāśvastāṃ samam abhinavair jālakair mālatīnām abhinavair+jālakair
ā e → ai	vowel coalescence	4	0.37	saubhāgyaṃ te subhaga virahāvasthayā vyañjayantī kārśyaṃ yena tyajati vidhinā sa tvayaivopapādyaḥ tvayā+eva→tvayaivopapādyaḥ · śroṇībhārād alasagamanā stokanamrā stanābhyāṃ yā tatra syād yuvatīviṣaye sṛṣṭir ādyaiva dhātuḥ ādyā+eva→ādyaiva · pādān indor amṛtaśiśirāñjalamārgapraviṣṭān pūrvaprītyā gatam abhimukhaṃ saṃnivṛttaṃ tathaiva tathā+eva→tathaiva · nanv ātmānaṃ bahu vigaṇayann ātmanaivāvalambe tatkalyāṇi tvam api nitarāṃ mā gamaḥ kātaratvam ātmanā+eva→ātmanaivāvalambe
ḥ dh → r dh	visarga	4	0.37	bhartuḥ kaṇṭhacchavir iti gaṇaiḥ sādaraṃ vīkṣyamāṇaḥ puṇyaṃ yāyās tribhuvanaguror dhāma caṇḍīśvarasya guroḥ→tribhuvanaguror +dhāma · śaṅkāspṛṣṭā iva jalamucas tvādṛśā jālamārgair dhūmodgārānukṛtinipuṇā jarjarā niṣpatanti mārgaiḥ→jālamārgair +dhūma · akṣayyāntarbhavananidhayaḥ pratyahaṃ raktakaṇṭhair udgāyadbhir dhanapatiyaśaḥ kiṃnarair yatra sārdham udgāyadbhir+dhanapati · yo vṛndāni tvarayati pathi śrāmyatāṃ proṣitānāṃ mandrasnigdhair dhvanibhir abalāveṇimokṣotsukāni snigdhaiḥ→mandrasnigdhair +dhvanibhir
i i → ī	vowel coalescence	4	0.37	gambhīrāyāḥ payasi saritaś cetasīva prasanne chāyātmāpi prakṛtisubhago lapsyate te praveśam cetasi+iva→cetasīva · śobhām adreḥ stimitanayanaprekṣaṇīyāṃ bhavitrīm aṃsanyaste sati halabhṛto mecake vāsasīva vāsasi+iva→vāsasīva · dhunvan kalpadrumakisalayāny aṃśukānīva vātair nānāceṣṭair jaladalalitair nirviśes taṃ nagendram aṃśukāni+iva→aṃśukānīva · tvayy āsanne nayanam uparispandi śaṅke mṛgākṣyā mīnakṣobhāc calakuvalayaśrītulām eṣyatīti eṣyati+iti→eṣyatīti
t m → n m	consonant / other	4	0.37	tasmād asyāḥ kumudaviśadāny arhasi tvaṃ na dhairyān moghīkartuṃ caṭulaśaphorodvartanaprekṣitāni dhairyān+moghīkartuṃ · matvā devaṃ dhanapatisakhaṃ yatra sākṣād vasantaṃ prāyaś cāpaṃ na vahati bhayān manmathaḥ ṣaṭpadajyam bhayān+manmathaḥ · asrais tāvan muhur upacitair dṛṣṭir ālupyate me krūras tasminn api na sahate saṃgamaṃ nau kṛtāntaḥ tāvan+muhur · etasmān māṃ kuśalinam abhijñānadānād viditvā mā kaulīnād asitanayane mayy aviśvāsinī bhūḥ etasmān+māṃ
aḥ r → o r	visarga	3	0.27	tasya sthitvā kathamapi puraḥ kautukādhānahetorantarbāṣpaściram anucaro rājarājasya dadhyau anucaro+rājarājasya · ā kailāsādbisakisalayacchedapātheyavantaḥ sampatsyante nabhasi bhavato rājahaṃsāḥ sahāyāḥ bhavato+rājahaṃsāḥ · tām āyuṣman mama ca vacanād ātmanaś copakartuṃ brūyā evaṃ tava sahacaro rāmagiryāśramasthaḥ sahacaro+rāmagiri
t n → n n	consonant / other	3	0.27	garbhādhānakṣaṇaparicayān nūnam ābaddhamālāḥ seviṣyante nayanasubhagaṃ khe bhavantaṃ balākāḥ paricayāt→garbhādhānakṣaṇaparicayān +nūnam · āśvāsyaivaṃ prathamavirahodagraśokāṃ sakhīṃ te śailād āśu trinayanavṛṣotkhātakūṭān nivṛttaḥ kūṭāt→trinayanavṛṣotkhātakūṭān +nivṛttaḥ · kaccit saumya vyavasitam idaṃ bandhukṛtyaṃ tvayā me pratyādeśān na khalu bhavato dhīratāṃ kalpayāmi pratyādeśān+na
s s → ḥ s	consonant / other	3	0.27	sadyaḥ sīrotkaṣaṇasurabhi kṣetram āruhya mālaṃ kiṃcit paścād vraja laghugatir bhūya evottareṇa sadyaḥ+sīra · tantrīm ārdrāṃ nayanasalilaiḥ sārayitvā kathaṃcid bhūyo bhūyaḥ svayam api kṛtāṃ mūrcchanāṃ vismarantī bhūyaḥ+svayam · tvām apy asraṃ navajalamayaṃ mocayiṣyaty avaśyaṃ prāyaḥ sarvo bhavati karuṇāvṛttir ārdrāntarātmā prāyaḥ+sarvo
ḥ i → r i	visarga	3	0.27	revāṃ drakṣyasyupalaviṣame vindhyapāde viśīrṇāṃ bhakticchedair iva viracitāṃ bhūtim aṅge gajasya bhakticchedair+iva · bhartuḥ kaṇṭhacchavir iti gaṇaiḥ sādaraṃ vīkṣyamāṇaḥ puṇyaṃ yāyās tribhuvanaguror dhāma caṇḍīśvarasya chaviḥ→kaṇṭhacchavir +iti · tasyās tīre racitaśikharaḥ peśalair indranīlaiḥ krīḍāśailaḥ kanakakadalīveṣṭanaprekṣaṇīyaḥ peśalair+indranīlaiḥ
ḥ g → r g	visarga	3	0.27	pāṇḍucchāyopavanavṛtayaḥ ketakaiḥ sūcibhinnair nīḍārambhair gṛhabalibhujām ākulagrāmacaityāḥ ārambhaiḥ→nīḍārambhair +gṛha · dhūtodyānaṃ kuvalayarajogandhibhir gandhavatyās toyakrīḍāniratayuvatisnānatiktair marudbhiḥ gandhibhiḥ→kuvalayarajogandhibhir +gandhavatyās · tābhyo mokṣas tava yadi sakhe gharmalabdhasya na syāt krīḍālolāḥ śravaṇaparuṣair garjitair bhāyayes tāḥ paruṣaiḥ→śravaṇaparuṣair +garjitair
ḥ d → Ø d	visarga	3	0.27	tvayy āsanne pariṇataphalaśyāmajambūvanāntāḥ sampatsyante katipayadinasthāyihaṃsā daśārṇāḥ haṃsāḥ→katipayadinasthāyihaṃsā +daśārṇāḥ · patraśyāmā dinakarahayaspardhino yatra vāhāḥ śailodagrās tvam iva kariṇo vṛṣṭimantaḥ prabhedāt śyāmāḥ→patraśyāmā +dinakara · ebhiḥ sādho hṛdayanihitair lakṣaṇair lakṣayethā dvāropānte likhitavapuṣau śaṅkhapadmau ca dṛṣṭvā lakṣayethā+dvāra
n t → ṃs t	anusvāra / nasal	3	0.27	hārāṃs tārāṃs taralaguṭikān koṭiśaḥ śaṅkhaśuktīḥ śaṣpaśyāmān marakatamaṇīn unmayūkhaprarohān hārāṃs+tārāṃs · hārāṃs tārāṃs taralaguṭikān koṭiśaḥ śaṅkhaśuktīḥ śaṣpaśyāmān marakatamaṇīn unmayūkhaprarohān tārāṃs+tarala · prāleyādrer upataṭam atikramya tāṃs tān viśeṣān haṃsadvāraṃ bhṛgupatiyaśovartma yat krauñcarandhram tāṃs+tān
aḥ l → o l	visarga	3	0.27	gambhīrāyāḥ payasi saritaś cetasīva prasanne chāyātmāpi prakṛtisubhago lapsyate te praveśam subhagaḥ→prakṛtisubhago +lapsyate · hitvā hālām abhimatarasāṃ revatīlocanāṅkāṃ bandhuprītyā samaravimukho lāṅgalī yāḥ siṣeve vimukhaḥ→samaravimukho +lāṅgalī · śāpānto me bhujagaśayanād utthite śārṅgapāṇau śeṣān māsān gamaya caturo locane mīlayitvā caturo+locane
t bh → d bh	consonant / other	3	0.27	brahmāvartaṃ janapadam atha chāyayā gāhamānaḥ kṣetraṃ kṣatrapradhanapiśunaṃ kauravaṃ tad bhajethāḥ tad+bhajethāḥ · pṛcchantī vā madhuravacanāṃ sārikāṃ pañjarasthāṃ kaccid bhartuḥ smarasi rasike tvaṃ hi tasya priyeti kaccid+bhartuḥ · vācālaṃ māṃ na khalu subhagaṃmanyabhāvaḥ karoti pratyakṣaṃ te nikhilam acirād bhrātar uktaṃ mayā yat acirād+bhrātar
a i → e	vowel coalescence	3	0.27	gaurīvaktrabhrukuṭiracanāṃ yā vihasyeva phenaiḥ śambhoḥ keśagrahaṇam akarod indulagnormihastā vihasya+iva→vihasyeva · tatra vyaktaṃ dṛṣadi caraṇanyāsam ardhendumauleḥ śaśvat siddhair upacitabaliṃ bhaktinamraḥ parīyāḥ ardha+indu→ardhendumauleḥ · vidhunvantaṃ lalitavanitāḥ sendracāpaṃ sacitrāḥ saṃgītāya prahatamurajāḥ snigdhagambhīraghoṣam sa+indracāpam→sendracāpaṃ
aḥ d → o d	visarga	3	0.27	taṃ ced vāyau sarati saralaskandhasaṃghaṭṭajanmā bādhetolkākṣapitacamarībālabhāro davāgniḥ bhāraḥ→bādhetolkākṣapitacamarībālabhāro +dava · vāmaś cāsyāḥ kararuhapadair mucyamāno madīyair muktājālaṃ ciraparicitaṃ tyājito daivagatyā tyājito+daiva · bhittvā sadyaḥ kisalayapuṭān devadārudrumāṇāṃ ye tatkṣīrasrutisurabhayo dakṣiṇena pravṛttāḥ surabhayaḥ→tatkṣīrasrutisurabhayo +dakṣiṇena
u ā → v ā	vowel coalescence	3	0.27	āsevante madhu ratiphalaṃ kalpavṛkṣaprasūtaṃ tvadgambhīradhvaniṣu śanakaiḥ puṣkareṣv āhateṣu puṣkareṣv+āhateṣu · nīvībandhocchvāsitaśithilaṃ yatra bimbādharāṇāṃ kṣaumaṃ rāgādanibhṛtakareṣv ākṣipatsu priyeṣu kareṣu→rāgādanibhṛtakareṣv +ākṣipatsu · nanv ātmānaṃ bahu vigaṇayann ātmanaivāvalambe tatkalyāṇi tvam api nitarāṃ mā gamaḥ kātaratvam nanv+ātmānaṃ
d m → n m	consonant / other	3	0.27	tanmadhye ca sphaṭikaphalakā kāñcanī vāsayaṣṭir mūle baddhā maṇibhir anatiprauḍhavaṃśaprakāśaiḥ tad+madhye→tanmadhye · so 'tikrāntaḥ śravaṇaviṣayaṃ locanābhyām adṛṣṭas tvām utkaṇṭhāviracitapadaṃ manmukhenedam āha mad+mukhena→manmukhenedam · dhārāsiktasthalasurabhiṇas tvanmukhasyāsya bāle dūrībhūtaṃ pratanum api māṃ pañcabāṇaḥ kṣiṇoti tvad+mukhasya→tvanmukhasyāsya
ḥ l → r l	visarga	3	0.27	ebhiḥ sādho hṛdayanihitair lakṣaṇair lakṣayethā dvāropānte likhitavapuṣau śaṅkhapadmau ca dṛṣṭvā lakṣaṇair+lakṣayethā · ebhiḥ sādho hṛdayanihitair lakṣaṇair lakṣayethā dvāropānte likhitavapuṣau śaṅkhapadmau ca dṛṣṭvā nihitaiḥ→hṛdayanihitair +lakṣaṇair · mām ākāśapraṇihitabhujaṃ nirdayāśleṣahetor labdhāyās te kathamapi mayā svapnasaṃdarśaneṣu hetoḥ→nirdayāśleṣahetor +labdhāyās
ḥ h → Ø h	visarga	2	0.18	ityautsukyādaparigaṇayan guhyakastaṃ yayāce kāmārtā hi prakṛtikṛpaṇāścetanācetaneṣu ārtāḥ→kāmārtā +hi · yatronmattabhramaramukharāḥ pādapā nityapuṣpā haṃsaśreṇīracitaraśanā nityapadmā nalinyaḥ puṣpāḥ→nityapuṣpā +haṃsa
ama h → e h	consonant / other	2	0.18	saṃtaptānāṃ tvamasi śaraṇaṃ tatpayoda priyāyāḥ saṃdeśaṃ me hara dhanapatikrodhaviśleṣitasya me+hara · yasyopānte kṛtakatanayaḥ kāntayā vardhito me hastaprāpyastabakanamito bālamandāravṛkṣaḥ me+hasta
s p → ḥ p	consonant / other	2	0.18	āśābandhaḥ kusumasadṛśaṃ prāyaśo hyaṅganānāṃ sadyaḥ pāti praṇayi hṛdayaṃ viprayoge ruṇaddhi sadyaḥ+pāti · āsevante madhu ratiphalaṃ kalpavṛkṣaprasūtaṃ tvadgambhīradhvaniṣu śanakaiḥ puṣkareṣv āhateṣu śanakaiḥ+puṣkareṣv
ā v → ṃ v	anusvāra / nasal	2	0.18	mandaṃ mandaṃ nudati pavanaścānukūlo yathā tvāṃ vāmaścāyaṃ nadati madhuraṃ cātakaste sagandhaḥ tvāṃ+vāmaḥ · avyāpannaḥ kuśalam abale pṛcchati tvāṃ viyuktaḥ pūrvābhāṣyaṃ sulabhavipadāṃ prāṇinām etad eva tvāṃ+viyuktaḥ
m kh → ṃ kh	anusvāra / nasal	2	0.18	garbhādhānakṣaṇaparicayān nūnam ābaddhamālāḥ seviṣyante nayanasubhagaṃ khe bhavantaṃ balākāḥ subhagam→nayanasubhagaṃ +khe · tasmin kāle nayanasalilaṃ yoṣitāṃ khaṇḍitānāṃ śāntiṃ neyaṃ praṇayibhir ato vartma bhānos tyajāśu yoṣitāṃ+khaṇḍitānāṃ
t c → c c	consonant / other	2	0.18	kartuṃ yacca prabhavati mahīm ucchilīndhrām avandhyāṃ tacchrutvā te śravaṇasubhagaṃ garjitaṃ mānasotkāḥ yat+ca→yacca · tvayy āsanne nayanam uparispandi śaṅke mṛgākṣyā mīnakṣobhāc calakuvalayaśrītulām eṣyatīti kṣobhāt→mīnakṣobhāc +cala
t ś → cch	consonant / other	2	0.18	kartuṃ yacca prabhavati mahīm ucchilīndhrām avandhyāṃ tacchrutvā te śravaṇasubhagaṃ garjitaṃ mānasotkāḥ tat+śrutvā→tacchrutvā · mārgaṃ tāvacchṛṇu kathayatas tvatprayāṇānurūpaṃ saṃdeśaṃ me tadanu jalada śroṣyasi śrotrapeyam tāvat+śṛṇu→tāvacchṛṇu
iḥ ś → Ø ś	visarga	2	0.18	mārgaṃ tāvacchṛṇu kathayatas tvatprayāṇānurūpaṃ saṃdeśaṃ me tadanu jalada śroṣyasi śrotrapeyam jalada+śroṣyasi · adhvaklāntaṃ pratimukhagataṃ sānumānāmrakūṭas tuṅgena tvāṃ jalada śirasā vakṣyati ślāghamānaḥ jalada+śirasā
aḥ bh → o bh	visarga	2	0.18	antaḥsāraṃ ghana tulayituṃ nānilaḥ śakṣyati tvāṃ riktaḥ sarvo bhavati hi laghuḥ pūrṇatā gauravāya sarvo+bhavati · tvām apy asraṃ navajalamayaṃ mocayiṣyaty avaśyaṃ prāyaḥ sarvo bhavati karuṇāvṛttir ārdrāntarātmā sarvo+bhavati
a ū → o	vowel coalescence	2	0.18	tīropāntastanitasubhagaṃ pāsyasi svādu yasmāt sabhrūbhaṅgaṃ mukham iva payo vetravatyāś calormi cala+ūrmi→calormi · gatvā cordhvaṃ daśamukhabhujocchvāsitaprasthasaṃdheḥ kailāsasya tridaśavanitādarpaṇasyātithiḥ syāḥ ca+ūrdhvam→cordhvaṃ
m ch → ṃ ch	anusvāra / nasal	2	0.18	gaṇḍasvedāpanayanarujāklāntakarṇotpalānāṃ chāyādānāt kṣaṇaparicitaḥ puṣpalāvīmukhānām utpalānām→gaṇḍasvedāpanayanarujāklāntakarṇotpalānāṃ +chāyā · mandākinyāḥ salilaśiśiraiḥ sevyamānā marudbhir mandārāṇām anutaṭaruhāṃ chāyayā vāritoṣṇāḥ ruhām→anutaṭaruhāṃ +chāyayā
t d → d d	consonant / other	2	0.18	vidyuddāmasphuritacakitais tatra paurāṅganānāṃ lolāpāṅgair yadi na ramase locanair vañcito 'si vidyut+dāma→vidyuddāmasphuritacakitais · sā saṃnyastābharaṇam abalā peśalaṃ dhārayantī śayyotsaṅge nihitam asakṛd duḥkhaduḥkhena gātram asakṛd+duḥkha
iḥ v → Ø v	visarga	2	0.18	saubhāgyaṃ te subhaga virahāvasthayā vyañjayantī kārśyaṃ yena tyajati vidhinā sa tvayaivopapādyaḥ subhaga+viraha · kaccit saumya vyavasitam idaṃ bandhukṛtyaṃ tvayā me pratyādeśān na khalu bhavato dhīratāṃ kalpayāmi saumya+vyavasitam
ḥ h → r h	visarga	2	0.18	svalpībhūte sucaritaphale svargiṇāṃ gāṃ gatānāṃ śeṣaiḥ puṇyair hṛtam iva divaḥ kāntimat khaṇḍam ekam puṇyair+hṛtam · bhartur mitraṃ priyam avidhave viddhi mām ambuvāhaṃ tatsaṃdeśair hṛdayanihitair āgataṃ tvatsamīpam saṃdeśaiḥ→tatsaṃdeśair +hṛdaya
ḥ b → r b	visarga	2	0.18	jālodgīrṇair upacitavapuḥ keśasaṃskāradhūpair bandhuprītyā bhavanaśikhibhir dattanṛtyopahāraḥ dhūpaiḥ→keśasaṃskāradhūpair +bandhu · hastanyastaṃ mukham asakalavyakti lambālakatvād indor dainyaṃ tvadanusaraṇakliṣṭakānter bibharti kānteḥ→tvadanusaraṇakliṣṭakānter +bibharti
ḥ l → Ø l	visarga	2	0.18	harmyeṣv asyāḥ kusumasurabhiṣv adhvakhedaṃ nayethā lakṣmīṃ paśyaṃl lalitavanitāpādarāgāṅkiteṣu nayethā+lakṣmīṃ · ye saṃrambhotpatanarabhasāḥ svāṅgabhaṅgāya tasmin muktādhvānaṃ sapadi śarabhā laṅghayeyur bhavantam śarabhā+laṅghayeyur
ā ā → ā	vowel coalescence	2	0.18	gambhīrāyāḥ payasi saritaś cetasīva prasanne chāyātmāpi prakṛtisubhago lapsyate te praveśam chāyā+ātmā→chāyātmāpi · vyālambethāḥ surabhitanayālambhajāṃ mānayiṣyan srotomūrtyā bhuvi pariṇatāṃ rantidevasya kīrtim surabhitanayā+ālambha→surabhitanayālambhajāṃ
s v → r v	consonant / other	2	0.18	nīcair vāsyaty upajigamiṣor devapūrvaṃ giriṃ te śīto vāyuḥ pariṇamayitā kānanodumbarāṇām nīcair+vāsyaty · yā vaḥ kāle vahati salilodgāram uccair vimānā muktājālagrathitam alakaṃ kāminīvābhravṛndam uccair+vimānā
ḥ bh → Ø bh	visarga	2	0.18	vyālambethāḥ surabhitanayālambhajāṃ mānayiṣyan srotomūrtyā bhuvi pariṇatāṃ rantidevasya kīrtim mūrtyāḥ→srotomūrtyā +bhuvi · kekotkaṇṭhā bhuvanaśikhino nityabhāsvatkalāpā nityajyotsnāḥ prahitatamovṛttiramyāḥ pradoṣāḥ utkaṇṭhāḥ→kekotkaṇṭhā +bhuvana
ḥ e → r e	visarga	2	0.18	prekṣiṣyante gaganagatayo nūnam āvarjya dṛṣṭir ekaṃ muktāguṇam iva bhuvaḥ sthūlamadhyendranīlam dṛṣṭir+ekaṃ · sabhrūbhaṅgaprahitanayanaiḥ kāmilakṣyeṣv amoghais tasyārambhaś caturavanitāvibhramair eva siddhaḥ vibhramaiḥ→caturavanitāvibhramair +eva
iḥ s → Ø s	visarga	2	0.18	kṛtvā tāsām adhigamam apāṃ saumya sārasvatīnām antaḥ śuddhas tvam api bhavitā varṇamātreṇa kṛṣṇaḥ saumya+sārasvatīnām · śroṣyaty asmāt param avahitā saumya sīmantinīnāṃ kāntodantaḥ suhṛdupanataḥ saṃgamāt kiṃcid ūnaḥ saumya+sīmantinīnāṃ
t g → d g	consonant / other	2	0.18	tasmād gaccher anu kanakhalaṃ śailarājāvatīrṇāṃ jahnoḥ kanyāṃ sagaratanayasvargasopānapaṅktim tasmād+gaccher · vidyudgarbhaḥ stimitanayanāṃ tvatsanāthe gavākṣe vaktuṃ dhīraḥ stanitavacanair māninīṃ prakramethāḥ vidyut+garbhaḥ→vidyudgarbhaḥ
ḥ e → Ø e	visarga	2	0.18	āsīnānāṃ surabhitaśilaṃ nābhigandhair mṛgāṇāṃ tasyā eva prabhavam acalaṃ prāpya gauraṃ tuṣāraiḥ tasyā+eva · tām āyuṣman mama ca vacanād ātmanaś copakartuṃ brūyā evaṃ tava sahacaro rāmagiryāśramasthaḥ brūyā+evaṃ
i e → y e	vowel coalescence	2	0.18	arhasy enaṃ śamayitum alaṃ vāridhārāsahasrair āpannārtipraśamanaphalāḥ saṃpado hy uttamānām arhasy+enaṃ · yasyāṃ yakṣāḥ sitamaṇimayāny etya harmyasthalāni jyotiśchāyākusumaracitāny uttamastrīsahāyāḥ mayāni→sitamaṇimayāny +etya
ī i → ī	vowel coalescence	2	0.18	yā vaḥ kāle vahati salilodgāram uccair vimānā muktājālagrathitam alakaṃ kāminīvābhravṛndam kāminī+iva→kāminīvābhravṛndam · ity ākhyāte pavanatanayaṃ maithilīvonmukhī sā tvām utkaṇṭhocchvasitahṛdayā vīkṣya saṃbhāvya caiva maithilī+iva→maithilīvonmukhī
ā t → ṃ t	anusvāra / nasal	2	0.18	antastoyaṃ maṇimayabhuvas tuṅgam abhraṃlihāgrāḥ prāsādās tvāṃ tulayitum alaṃ yatra tais tair viśeṣaiḥ tvāṃ+tulayitum · madgehinyāḥ priya iti sakhe cetasā kātareṇa prekṣyopāntasphuritataḍitaṃ tvāṃ tam eva smarāmi tvāṃ+tam
ḥ m → Ø m	visarga	2	0.18	mandākinyāḥ salilaśiśiraiḥ sevyamānā marudbhir mandārāṇām anutaṭaruhāṃ chāyayā vāritoṣṇāḥ sevyamānā+marudbhir · tvayy āsanne nayanam uparispandi śaṅke mṛgākṣyā mīnakṣobhāc calakuvalayaśrītulām eṣyatīti akṣāyāḥ→mṛgākṣyā +mīna
ḥ j → Ø j	visarga	2	0.18	śaṅkāspṛṣṭā iva jalamucas tvādṛśā jālamārgair dhūmodgārānukṛtinipuṇā jarjarā niṣpatanti tvādṛśā+jāla · śaṅkāspṛṣṭā iva jalamucas tvādṛśā jālamārgair dhūmodgārānukṛtinipuṇā jarjarā niṣpatanti nipuṇāḥ→dhūmodgārānukṛtinipuṇā +jarjarā
ḥ b → Ø b	visarga	2	0.18	vaibhrājākhyaṃ vibudhavanitāvāramukhyāsahāyā baddhālāpā bahirupavanaṃ kāmino nirviśanti sahāyāḥ→vibudhavanitāvāramukhyāsahāyā +baddha · vaibhrājākhyaṃ vibudhavanitāvāramukhyāsahāyā baddhālāpā bahirupavanaṃ kāmino nirviśanti ālāpāḥ→baddhālāpā +bahis
ā a → m a	vowel coalescence	2	0.18	yasyās toye kṛtavasatayo mānasaṃ saṃnikṛṣṭaṃ nādhyāsyanti vyapagataśucas tvām api prekṣya haṃsāḥ tvām+api · tvām apy asraṃ navajalamayaṃ mocayiṣyaty avaśyaṃ prāyaḥ sarvo bhavati karuṇāvṛttir ārdrāntarātmā tvām+apy
e s → ava s	consonant / other	2	0.18	ekaḥ sakhyās tava saha mayā vāmapādābhilāṣī kāṅkṣaty anyo vadanamadirāṃ dohadacchadmanāsyāḥ tava+saha · tām āyuṣman mama ca vacanād ātmanaś copakartuṃ brūyā evaṃ tava sahacaro rāmagiryāśramasthaḥ tava+sahacaro
ama d → e d	consonant / other	2	0.18	tāṃ jānīthāḥ parimitakathāṃ jīvitaṃ me dvitīyaṃ dūrībhūte mayi sahacare cakravākīm ivaikām me+dvitīyaṃ · sāntarhāsaṃ kathitam asakṛt pṛcchataś ca tvayā me dṛṣṭaḥ svapne kitava ramayan kāmapi tvaṃ mayeti me+dṛṣṭaḥ
ā i → e	vowel coalescence	2	0.18	pṛcchantī vā madhuravacanāṃ sārikāṃ pañjarasthāṃ kaccid bhartuḥ smarasi rasike tvaṃ hi tasya priyeti priyā+iti→priyeti · sāntarhāsaṃ kathitam asakṛt pṛcchataś ca tvayā me dṛṣṭaḥ svapne kitava ramayan kāmapi tvaṃ mayeti mayā+iti→mayeti
ā u → m u	vowel coalescence	2	0.18	ity ākhyāte pavanatanayaṃ maithilīvonmukhī sā tvām utkaṇṭhocchvasitahṛdayā vīkṣya saṃbhāvya caiva tvām+utkaṇṭhā · so 'tikrāntaḥ śravaṇaviṣayaṃ locanābhyām adṛṣṭas tvām utkaṇṭhāviracitapadaṃ manmukhenedam āha tvām+utkaṇṭhā
ḥ k → Ø k	visarga	1	0.09	tasminnadrau katicidabalāviprayuktaḥ sa kāmī nītvā māsānkanakavalayabhraṃśariktaprakoṣṭhaḥ sa+kāmī
n a → nn a	consonant / other	1	0.09	tasminnadrau katicidabalāviprayuktaḥ sa kāmī nītvā māsānkanakavalayabhraṃśariktaprakoṣṭhaḥ tasmin+adrau→tasminnadrau
ām h → īṃ h	anusvāra / nasal	1	0.09	pratyāsanne nabhasi dayitājīvitālambanārthī jīmūtena svakuśalamayīṃ hārayiṣyan pravṛttim mayām→svakuśalamayīṃ +hārayiṣyan
ḥ p → Ø p	visarga	1	0.09	sa pratyagraiḥ kuṭajakusumaiḥ kalpitārghāya tasmai prītaḥ prītipramukhavacanaṃ svāgataṃ vyājahāra sa+pratyagraiḥ
ā p → ṃ p	anusvāra / nasal	1	0.09	jātaṃ vaṃśe bhuvanavidite puṣkarāvartakānāṃ jānāmi tvāṃ prakṛtipuruṣaṃ kāmarūpaṃ maghonaḥ tvāṃ+prakṛtipuruṣaṃ
ḥ aham → ḥ 'haṃ	visarga	1	0.09	tenārthitvaṃ tvayi vidhivaśāddūrabandhurgato 'haṃ yācñā moghā varam adhiguṇe nādhame labdhakāmā gataḥ+'haṃ
aham y → 'haṃ y	anusvāra / nasal	1	0.09	tenārthitvaṃ tvayi vidhivaśāddūrabandhurgato 'haṃ yācñā moghā varam adhiguṇe nādhame labdhakāmā 'haṃ+yācñā
a ī → e	vowel coalescence	1	0.09	gantavyā te vasatir alakā nāma yakṣeśvarāṇāṃ bāhyodyānasthitaharaśiraścandrikādhautaharmyā yakṣa+īśvarāṇām→yakṣeśvarāṇāṃ
ā c → ṃ c	anusvāra / nasal	1	0.09	tvāṃ cāvaśyaṃ divasagaṇanātatparām ekapatnīm avyāpannām avihatagatir drakṣyasi bhrātṛjāyām tvāṃ+ca
as h → o h	consonant / other	1	0.09	āśābandhaḥ kusumasadṛśaṃ prāyaśo hyaṅganānāṃ sadyaḥ pāti praṇayi hṛdayaṃ viprayoge ruṇaddhi prāyaśo+hi
t b → d b	consonant / other	1	0.09	ā kailāsādbisakisalayacchedapātheyavantaḥ sampatsyante nabhasi bhavato rājahaṃsāḥ sahāyāḥ kailāsāt+bisa→kailāsādbisakisalayacchedapātheyavantaḥ
ama t → e t	consonant / other	1	0.09	mārgaṃ tāvacchṛṇu kathayatas tvatprayāṇānurūpaṃ saṃdeśaṃ me tadanu jalada śroṣyasi śrotrapeyam me+tadanu
m m → cakitaṃ m	anusvāra / nasal	1	0.09	adreḥ śṛṅgaṃ harati pavanaḥ kiṃsvid ityunmukhībhir dṛṣṭotsāhaś cakitacakitaṃ mugdhasiddhāṅganābhiḥ cakitam→cakitacakitaṃ +mugdha
e i → a i	vowel coalescence	1	0.09	ratnacchāyāvyatikara iva prekṣyametatpurastād valmīkāgrāt prabhavati dhanuḥkhaṇḍam ākhaṇḍalasya vyatikare→ratnacchāyāvyatikara +iva
s kh → ḥ kh	consonant / other	1	0.09	ratnacchāyāvyatikara iva prekṣyametatpurastād valmīkāgrāt prabhavati dhanuḥkhaṇḍam ākhaṇḍalasya dhanus+khaṇḍam→dhanuḥkhaṇḍam
s e → Ø e	consonant / other	1	0.09	sadyaḥ sīrotkaṣaṇasurabhi kṣetram āruhya mālaṃ kiṃcit paścād vraja laghugatir bhūya evottareṇa bhūya+eva
ā j → ṃ j	anusvāra / nasal	1	0.09	adhvaklāntaṃ pratimukhagataṃ sānumānāmrakūṭas tuṅgena tvāṃ jalada śirasā vakṣyati ślāghamānaḥ tvāṃ+jalada
u k → ū k	consonant / other	1	0.09	tasyās tiktair vanagajamadair vāsitaṃ vāntavṛṣṭir jambūkuñjapratihatarayaṃ toyam ādāya gaccheḥ jambu+kuñja→jambūkuñjapratihatarayaṃ
m gh → ṃ gh	anusvāra / nasal	1	0.09	antaḥsāraṃ ghana tulayituṃ nānilaḥ śakṣyati tvāṃ riktaḥ sarvo bhavati hi laghuḥ pūrṇatā gauravāya antaḥsāraṃ+ghana
iḥ t → Ø t	visarga	1	0.09	antaḥsāraṃ ghana tulayituṃ nānilaḥ śakṣyati tvāṃ riktaḥ sarvo bhavati hi laghuḥ pūrṇatā gauravāya ghana+tulayituṃ
ā r → ṃ r	anusvāra / nasal	1	0.09	antaḥsāraṃ ghana tulayituṃ nānilaḥ śakṣyati tvāṃ riktaḥ sarvo bhavati hi laghuḥ pūrṇatā gauravāya tvāṃ+riktaḥ
n c → ṃś c	anusvāra / nasal	1	0.09	ambhobindugrahaṇacaturāṃś cātakān vīkṣamāṇāḥ śreṇībhūtāḥ parigaṇanayā nirdiśanto balākāḥ caturān→ambhobindugrahaṇacaturāṃś +cātakān
s ph → ḥ ph	consonant / other	1	0.09	teṣāṃ dikṣu prathitavidiśālakṣaṇāṃ rājadhānīṃ gatvā sadyaḥ phalam avikalaṃ kāmukatvasya labdhā sadyaḥ+phalam
n u → nn u	consonant / other	1	0.09	viśrāntaḥ san vraja vananadītīrajānāṃ niṣiñcannudyānānāṃ navajalakaṇair yūthikājālakāni niṣiñcan+udyānānām→niṣiñcannudyānānāṃ
thī y → nthā y	consonant / other	1	0.09	vakraḥ panthā yadapi bhavataḥ prasthitasyottarāśāṃ saudhotsaṅgapraṇayavimukho mā sma bhūr ujjayinyāḥ panthā+yat
aḥ h → o h	visarga	1	0.09	nirvindhyāyāḥ pathi bhava rasābhyantaraḥ saṃnipatya strīṇām ādyaṃ praṇayavacanaṃ vibhramo hi priyeṣu vibhramo+hi
ḥ t → Ø t	visarga	1	0.09	saubhāgyaṃ te subhaga virahāvasthayā vyañjayantī kārśyaṃ yena tyajati vidhinā sa tvayaivopapādyaḥ sa+tvayā
ṇām p → nāṃ p	anusvāra / nasal	1	0.09	dīrghīkurvan paṭu madakalaṃ kūjitaṃ sārasānāṃ pratyūṣeṣu sphuṭitakamalāmodamaitrīkaṣāyaḥ sārasānāṃ+pratyūṣeṣu
s ś → ḥ ś	consonant / other	1	0.09	hārāṃs tārāṃs taralaguṭikān koṭiśaḥ śaṅkhaśuktīḥ śaṣpaśyāmān marakatamaṇīn unmayūkhaprarohān koṭiśaḥ+śaṅkha
ḥ a → ḥ '	visarga	1	0.09	pradyotasya priyaduhitaraṃ vatsarājo 'tra jahre haimaṃ tāladrumavanam abhūd atra tasyaiva rājñaḥ rājaḥ+'tra
īm v → aṃ v	anusvāra / nasal	1	0.09	pradyotasya priyaduhitaraṃ vatsarājo 'tra jahre haimaṃ tāladrumavanam abhūd atra tasyaiva rājñaḥ duhitrīm→priyaduhitaraṃ +vatsa
n l → ṃl l	anusvāra / nasal	1	0.09	harmyeṣv asyāḥ kusumasurabhiṣv adhvakhedaṃ nayethā lakṣmīṃ paśyaṃl lalitavanitāpādarāgāṅkiteṣu paśyaṃl+lalita
m c → a c	anusvāra / nasal	1	0.09	bhartuḥ kaṇṭhacchavir iti gaṇaiḥ sādaraṃ vīkṣyamāṇaḥ puṇyaṃ yāyās tribhuvanaguror dhāma caṇḍīśvarasya dhāma+caṇḍīśvarasya
iḥ m → Ø m	visarga	1	0.09	apyanyasmiñjaladhara mahākālam āsādya kāle sthātavyaṃ te nayanaviṣayaṃ yāvad atyeti bhānuḥ jaladharaiḥ→apyanyasmiñjaladhara +mahā
m ph → ṃ ph	anusvāra / nasal	1	0.09	kurvan saṃdhyābalipaṭahatāṃ śūlinaḥ ślāghanīyām āmandrāṇāṃ phalam avikalaṃ lapsyase garjitānām āmandrāṇāṃ+phalam
ḥ r → Ø r	visarga	1	0.09	pādanyāsaiḥ kvaṇitaraśanās tatra līlāvadhūtai ratnacchāyākhacitavalibhiś cāmaraiḥ klāntahastāḥ avadhūtaiḥ→līlāvadhūtai +ratna
s bh → r bh	consonant / other	1	0.09	paścād uccairbhujataruvanaṃ maṇḍalenābhilīnaḥ sāṃdhyaṃ tejaḥ pratinavajapāpuṣparaktaṃ dadhānaḥ uccais+bhuja→uccairbhujataruvanaṃ
tīnām r → ntīnāṃ r	anusvāra / nasal	1	0.09	gacchantīnāṃ ramaṇavasatiṃ yoṣitāṃ tatra naktaṃ ruddhāloke narapatipathe sūcibhedyais tamobhiḥ gacchantīnāṃ+ramaṇa
as v → o v	consonant / other	1	0.09	tasmin kāle nayanasalilaṃ yoṣitāṃ khaṇḍitānāṃ śāntiṃ neyaṃ praṇayibhir ato vartma bhānos tyajāśu ato+vartma
i _ → i kararudhi	consonant / other	1	0.09	prāleyāstraṃ kamalavadanāt so 'pi hartuṃ nalinyāḥ pratyāvṛttastvayi kararudhi syād analpābhyasūyaḥ tvayi+kararudhi
_ s → kararudhi s	consonant / other	1	0.09	prāleyāstraṃ kamalavadanāt so 'pi hartuṃ nalinyāḥ pratyāvṛttastvayi kararudhi syād analpābhyasūyaḥ kararudhi+syād
ānām _ → īnāṃ camūnām	anusvāra / nasal	1	0.09	rakṣāhetor navaśaśibhṛtā vāsavīnāṃ camūnām atyādityaṃ hutavahamukhe saṃbhṛtaṃ taddhi tejaḥ vāsavīnāṃ+camūnām
_ a → camūnām a	consonant / other	1	0.09	rakṣāhetor navaśaśibhṛtā vāsavīnāṃ camūnām atyādityaṃ hutavahamukhe saṃbhṛtaṃ taddhi tejaḥ camūnām+ati
t h → dd h	consonant / other	1	0.09	rakṣāhetor navaśaśibhṛtā vāsavīnāṃ camūnām atyādityaṃ hutavahamukhe saṃbhṛtaṃ taddhi tejaḥ tat+hi→taddhi
s l → r l	consonant / other	1	0.09	jyotirlekhāvalayi galitaṃ yasya barhaṃ bhavānī putrapremṇā kuvalayadalaprāpi karṇe karoti jyotis+lekhā→jyotirlekhāvalayi
ṣu g → bhir g	consonant / other	1	0.09	dhautāpāṅgaṃ haraśaśirucā pāvakes taṃ mayūraṃ paścād adrigrahaṇagurubhir garjitair nartayethāḥ guruṣu→adrigrahaṇagurubhir +garjitair
_ ā → kundakṣepānugamadhukaraśrīmuṣām ā	consonant / other	1	0.09	kundakṣepānugamadhukaraśrīmuṣām ātmabimbaṃ pātrīkurvan daśapuravadhūnetrakautūhalānām _→kundakṣepānugamadhukaraśrīmuṣām +ātma
r ś → ḥ ś	consonant / other	1	0.09	kṛtvā tāsām adhigamam apāṃ saumya sārasvatīnām antaḥ śuddhas tvam api bhavitā varṇamātreṇa kṛṣṇaḥ antaḥ+śuddhas
ñcam a → g a	consonant / other	1	0.09	tasyāḥ pātuṃ suragaja iva vyomni paścārdhalambī tvaṃ ced acchasphaṭikaviśadaṃ tarkayes tiryag ambhaḥ tiryag+ambhaḥ
mpadaḥ h → ṃpado h	visarga	1	0.09	arhasy enaṃ śamayitum alaṃ vāridhārāsahasrair āpannārtipraśamanaphalāḥ saṃpado hy uttamānām saṃpado+hy
t ū → d ū	consonant / other	1	0.09	yasmin dṛṣṭe karaṇavigamād ūrdhvam uddhūtapāpāḥ kalpiṣyante sthiragaṇapadaprāptaye śraddadhānāḥ vigamāt→karaṇavigamād +ūrdhvam
aḥ g → o g	visarga	1	0.09	śabdāyante madhuram anilaiḥ kīcakāḥ pūryamāṇāḥ saṃraktābhis tripuravijayo gīyate kiṃnarībhiḥ vijayaḥ→tripuravijayo +gīyate
ñcam ā → g ā	consonant / other	1	0.09	tenodīcīṃ diśam anusares tiryag āyāmaśobhī śyāmaḥ pādo baliniyamanābhyudyatasyeva viṣṇoḥ tiryag+āyāma
am d → īṃ d	anusvāra / nasal	1	0.09	tenodīcīṃ diśam anusares tiryag āyāmaśobhī śyāmaḥ pādo baliniyamanābhyudyatasyeva viṣṇoḥ udañcam→tenodīcīṃ +diśam
ā s → ṃ s	anusvāra / nasal	1	0.09	tatrāvaśyaṃ valayakuliśodghaṭṭanodgīrṇatoyaṃ neṣyanti tvāṃ surayuvatayo yantradhārāgṛhatvam tvāṃ+sura
e y → ava y	consonant / other	1	0.09	tābhyo mokṣas tava yadi sakhe gharmalabdhasya na syāt krīḍālolāḥ śravaṇaparuṣair garjitair bhāyayes tāḥ tava+yadi
r t → s t	consonant / other	1	0.09	antastoyaṃ maṇimayabhuvas tuṅgam abhraṃlihāgrāḥ prāsādās tvāṃ tulayitum alaṃ yatra tais tair viśeṣaiḥ antar+toyam→antastoyaṃ
s ch → ś ch	consonant / other	1	0.09	yasyāṃ yakṣāḥ sitamaṇimayāny etya harmyasthalāni jyotiśchāyākusumaracitāny uttamastrīsahāyāḥ jyotis+chāyā→jyotiśchāyākusumaracitāny
i b → ī b	consonant / other	1	0.09	nīvībandhocchvāsitaśithilaṃ yatra bimbādharāṇāṃ kṣaumaṃ rāgādanibhṛtakareṣv ākṣipatsu priyeṣu nīvi+bandha→nīvībandhocchvāsitaśithilaṃ
s u → r u	consonant / other	1	0.09	vaibhrājākhyaṃ vibudhavanitāvāramukhyāsahāyā baddhālāpā bahirupavanaṃ kāmino nirviśanti bahis+upavanam→bahirupavanaṃ
s c → ś c	consonant / other	1	0.09	matvā devaṃ dhanapatisakhaṃ yatra sākṣād vasantaṃ prāyaś cāpaṃ na vahati bhayān manmathaḥ ṣaṭpadajyam prāyaś+cāpaṃ
t l → l l	consonant / other	1	0.09	tatrāgāraṃ dhanapatigṛhān uttareṇāsmadīyaṃ dūrāl lakṣyaṃ surapatidhanuścāruṇā toraṇena dūrāl+lakṣyaṃ
ḥ ch → ś ch	visarga	1	0.09	vāpī cāsmin marakataśilābaddhasopānamārgā haimaiśchannā vikacakamalaiḥ snigdhavaidūryanālaiḥ haimaiḥ+channā→haimaiśchannā
i c → e c	consonant / other	1	0.09	madgehinyāḥ priya iti sakhe cetasā kātareṇa prekṣyopāntasphuritataḍitaṃ tvāṃ tam eva smarāmi sakhe+cetasā
ā v → ī v	consonant / other	1	0.09	tanmadhye ca sphaṭikaphalakā kāñcanī vāsayaṣṭir mūle baddhā maṇibhir anatiprauḍhavaṃśaprakāśaiḥ kāñcanī+vāsayaṣṭir
ama y → e y	consonant / other	1	0.09	tālaiḥ śiñjāvalayasubhagair nartitaḥ kāntayā me yām adhyāste divasavigame nīlakaṇṭhaḥ suhṛd vaḥ me+yām
_ kh → alpālpabhāsaṃ kh	anusvāra / nasal	1	0.09	arhasy antarbhavanapatitāṃ kartum alpālpabhāsaṃ khadyotālīvilasitanibhāṃ vidyudunmeṣadṛṣṭim _→alpālpabhāsaṃ +khadyota
t y → d y	consonant / other	1	0.09	śroṇībhārād alasagamanā stokanamrā stanābhyāṃ yā tatra syād yuvatīviṣaye sṛṣṭir ādyaiva dhātuḥ syād+yuvatī
u e → v e	vowel coalescence	1	0.09	gāḍhotkaṇṭhāṃ guruṣu divaseṣv eṣu gacchatsu bālāṃ jātāṃ manye śiśiramathitāṃ padminīṃ vānyarūpām divaseṣv+eṣu
iḥ n → Ø n	visarga	1	0.09	utsaṅge vā malinavasane saumya nikṣipya vīṇāṃ madgotrāṅkaṃ viracitapadaṃ geyam udgātukāmā saumya+nikṣipya
as bh → o bh	consonant / other	1	0.09	tantrīm ārdrāṃ nayanasalilaiḥ sārayitvā kathaṃcid bhūyo bhūyaḥ svayam api kṛtāṃ mūrcchanāṃ vismarantī bhūyo+bhūyaḥ
hanām v → chanāṃ v	anusvāra / nasal	1	0.09	tantrīm ārdrāṃ nayanasalilaiḥ sārayitvā kathaṃcid bhūyo bhūyaḥ svayam api kṛtāṃ mūrcchanāṃ vismarantī mūrcchanāṃ+vismarantī
um n → vīṃ n	anusvāra / nasal	1	0.09	matsaṃdeśaiḥ sukhayitum alaṃ paśya sādhvīṃ niśīthe tām unnidrām avaniśayanāṃ saudhavātāyanasthaḥ sādhvīṃ+niśīthe
ṣu y → bhir y	consonant / other	1	0.09	nītā rātriḥ kṣaṇa iva mayā sārdham icchāratair yā tām evoṣṇair virahamahatīm aśrubhir yāpayantīm aśrubhir+yāpayantīm
ṣu p → bhiḥ p	consonant / other	1	0.09	cakṣuḥ khedāt salilagurubhiḥ pakṣmabhiśchādayantīṃ sābhre 'hnīva sthalakamalinī na prabuddhāṃ na suptām guruṣu→salilagurubhiḥ +pakṣmabhiḥ
tīm ś → ntīṃ ś	anusvāra / nasal	1	0.09	niḥśvāsenādharakisalayakleśinā vikṣipantīṃ śuddhasnānāt paruṣamalakaṃ nūnam āgaṇḍalambam vikṣipantīṃ+śuddha
tīm n → ntīṃ n	anusvāra / nasal	1	0.09	matsaṃbhogaḥ kathamupanamet svapnajo 'pīti nidrām ākāṅkṣantīṃ nayanasalilotpīḍaruddhāvakāśam ākāṅkṣantīṃ+nayana
m h → a h	anusvāra / nasal	1	0.09	ādye baddhā virahadivase yā śikhā dāma hitvā śāpasyānte vigalitaśucā tāṃ mayodveṣṭanīyām dāma+hitvā
e m → ava m	consonant / other	1	0.09	jāne sakhyās tava mayi manaḥ saṃbhṛtasnehamasmād itthaṃbhūtāṃ prathamavirahe tām ahaṃ tarkayāmi tava+mayi
i ū → y ū	vowel coalescence	1	0.09	saṃbhogānte mama samucito hastasaṃvāhamānāṃ yāsyaty ūruḥ sarasakadalīstambhagauraś calatvam yāsyaty+ūruḥ
iḥ y → Ø y	visarga	1	0.09	tasmin kāle jalada yadi sā labdhanidrāsukhā syād anvāsyaināṃ stanitavimukho yāmamātraṃ sahasva jalada+yadi
ā s → ī s	consonant / other	1	0.09	ity ākhyāte pavanatanayaṃ maithilīvonmukhī sā tvām utkaṇṭhocchvasitahṛdayā vīkṣya saṃbhāvya caiva unmukhā→maithilīvonmukhī +sā
t e → d e	consonant / other	1	0.09	avyāpannaḥ kuśalam abale pṛcchati tvāṃ viyuktaḥ pūrvābhāṣyaṃ sulabhavipadāṃ prāṇinām etad eva etad+eva
_ p → sulabhavipadāṃ p	anusvāra / nasal	1	0.09	avyāpannaḥ kuśalam abale pṛcchati tvāṃ viyuktaḥ pūrvābhāṣyaṃ sulabhavipadāṃ prāṇinām etad eva _→sulabhavipadāṃ +prāṇinām
e s → i s	consonant / other	1	0.09	utpaśyāmi pratanuṣu nadīvīciṣu bhrūvilāsān hantaikasmin kvacid api na te caṇḍi sādṛśyam asti caṇḍi+sādṛśyam
ama k → e k	consonant / other	1	0.09	asrais tāvan muhur upacitair dṛṣṭir ālupyate me krūras tasminn api na sahate saṃgamaṃ nau kṛtāntaḥ me+krūras
m āvayoḥ → ṃ nau	visarga	1	0.09	asrais tāvan muhur upacitair dṛṣṭir ālupyate me krūras tasminn api na sahate saṃgamaṃ nau kṛtāntaḥ saṃgamaṃ+nau
āvayoḥ k → nau k	visarga	1	0.09	asrais tāvan muhur upacitair dṛṣṭir ālupyate me krūras tasminn api na sahate saṃgamaṃ nau kṛtāntaḥ nau+kṛtāntaḥ
e a → e '	vowel coalescence	1	0.09	gharmānte 'smin vigaṇaya kathaṃ vāsarāṇi vrajeyur diksaṃsaktapravitataghanavyastasūryātapāni ante+'smin
ś s → k s	consonant / other	1	0.09	gharmānte 'smin vigaṇaya kathaṃ vāsarāṇi vrajeyur diksaṃsaktapravitataghanavyastasūryātapāni diś+saṃsakta→diksaṃsaktapravitataghanavyastasūryātapāni
tīnām n → ntīnāṃ n	anusvāra / nasal	1	0.09	paśyantīnāṃ na khalu bahuśo na sthalīdevatānāṃ muktāsthūlās tarukisalayeṣv aśruleśāḥ patanti paśyantīnāṃ+na
as n → o n	consonant / other	1	0.09	paśyantīnāṃ na khalu bahuśo na sthalīdevatānāṃ muktāsthūlās tarukisalayeṣv aśruleśāḥ patanti bahuśo+na
e i → ave	vowel coalescence	1	0.09	āliṅgyante guṇavati mayā te tuṣārādrivātāḥ pūrvaṃ spṛṣṭaṃ yadi kila bhaved aṅgam ebhis taveti te+iti→taveti
ama g → e g	consonant / other	1	0.09	itthaṃ cetaś caṭulanayane durlabhaprārthanaṃ me gāḍhoṣmābhiḥ kṛtam aśaraṇaṃ tvadviyogavyathābhiḥ me+gāḍha
e t → i t	consonant / other	1	0.09	nanv ātmānaṃ bahu vigaṇayann ātmanaivāvalambe tatkalyāṇi tvam api nitarāṃ mā gamaḥ kātaratvam kalyāṇe→tatkalyāṇi +tvam
s g → r g	consonant / other	1	0.09	kasyātyantaṃ sukham upanataṃ duḥkham ekāntato vā nīcair gacchaty upari ca daśā cakranemikrameṇa nīcair+gacchaty
ama bh → e bh	consonant / other	1	0.09	śāpānto me bhujagaśayanād utthite śārṅgapāṇau śeṣān māsān gamaya caturo locane mīlayitvā me+bhujaga
ama n → e n	consonant / other	1	0.09	bhūyaścāha tvam api śayane kaṇṭhalagnā purā me nidrāṃ gatvā kimapi rudatī sasvaraṃ viprabuddhā me+nidrāṃ
iḥ r → Ø r	visarga	1	0.09	sāntarhāsaṃ kathitam asakṛt pṛcchataś ca tvayā me dṛṣṭaḥ svapne kitava ramayan kāmapi tvaṃ mayeti kitava+ramayan
r k → ḥ k	consonant / other	1	0.09	sābhijñānaprahitakuśalais tadvacobhir mamāpi prātaḥ kundaprasavaśithilaṃ jīvitaṃ dhārayethāḥ prātaḥ+kunda
iṃcid s → accit s	consonant / other	1	0.09	kaccit saumya vyavasitam idaṃ bandhukṛtyaṃ tvayā me pratyādeśān na khalu bhavato dhīratāṃ kalpayāmi kaccit+saumya
ama p → e p	consonant / other	1	0.09	kaccit saumya vyavasitam idaṃ bandhukṛtyaṃ tvayā me pratyādeśān na khalu bhavato dhīratāṃ kalpayāmi me+pratyādeśān
aḥ dh → o dh	visarga	1	0.09	kaccit saumya vyavasitam idaṃ bandhukṛtyaṃ tvayā me pratyādeśān na khalu bhavato dhīratāṃ kalpayāmi bhavato+dhīra
