id	type	rule	category	lesson	difficulty	question	answer	choices	context
SD-0001	join	a a → ā	vowel coalescence	1	easy	Apply sandhi: a + a → ?	ā	e | y ā | v a | ā	ajarāmaravat prājño vidyāmarthaṃ ca cintayet ajara+amara→ajarāmaravat
SD-0002	split	a a → ā	vowel coalescence	1	easy	You meet “ā” while reading. What was the original junction?	a + a	a + a | a + ā | a + i | a + u	ajarāmaravat prājño vidyāmarthaṃ ca cintayet ajara+amara→ajarāmaravat
SD-0003	identify	a a → ā	vowel coalescence	1	easy	Which sandhi class is “a + a → ā”?	vowel coalescence	consonant / other | anusvāra / nasal | vowel coalescence | visarga	ajarāmaravat prājño vidyāmarthaṃ ca cintayet ajara+amara→ajarāmaravat
SD-0004	join	m p → ṃ p	anusvāra / nasal	1	easy	Apply sandhi: m + p → ?	ṃ p	ṃ d | ṃ p | ṃ bh | ṃ j	udyoginaṃ puruṣasiṃham upaiti lakṣmīr daivena deyam iti kāpuruṣā vadanti udyoginaṃ+puruṣa
SD-0005	split	m p → ṃ p	anusvāra / nasal	1	easy	You meet “ṃ p” while reading. What was the original junction?	m + p	m + p | m + k | m + j | m + r	udyoginaṃ puruṣasiṃham upaiti lakṣmīr daivena deyam iti kāpuruṣā vadanti udyoginaṃ+puruṣa
SD-0006	identify	m p → ṃ p	anusvāra / nasal	1	easy	Which sandhi class is “m + p → ṃ p”?	anusvāra / nasal	consonant / other | visarga | anusvāra / nasal | vowel coalescence	udyoginaṃ puruṣasiṃham upaiti lakṣmīr daivena deyam iti kāpuruṣā vadanti udyoginaṃ+puruṣa
SD-0007	join	m s → ṃ s	anusvāra / nasal	2	easy	Apply sandhi: m + s → ?	ṃ s	ṃ k | ṃ dh | ṃ b | ṃ s	śruto hitopadeśo 'yaṃ pāṭavaṃ saṃskṛtoktiṣu pāṭavaṃ+saṃskṛta
SD-0008	split	m s → ṃ s	anusvāra / nasal	2	easy	You meet “ṃ s” while reading. What was the original junction?	m + s	m + b | m + s | m + d | m + c	śruto hitopadeśo 'yaṃ pāṭavaṃ saṃskṛtoktiṣu pāṭavaṃ+saṃskṛta
SD-0009	identify	m s → ṃ s	anusvāra / nasal	2	easy	Which sandhi class is “m + s → ṃ s”?	anusvāra / nasal	visarga | vowel coalescence | consonant / other | anusvāra / nasal	śruto hitopadeśo 'yaṃ pāṭavaṃ saṃskṛtoktiṣu pāṭavaṃ+saṃskṛta
SD-0010	join	m t → ṃ t	anusvāra / nasal	2	easy	Apply sandhi: m + t → ?	ṃ t	ṃ c | ṃ d | ṃ h | ṃ t	pātratvāt dhanam āpnoti dhanād dharmaṃ tataḥ sukham dharmaṃ+tataḥ
SD-0011	split	m t → ṃ t	anusvāra / nasal	2	easy	You meet “ṃ t” while reading. What was the original junction?	m + t	m + t | m + g | m + y | m + j	pātratvāt dhanam āpnoti dhanād dharmaṃ tataḥ sukham dharmaṃ+tataḥ
SD-0012	identify	m t → ṃ t	anusvāra / nasal	2	easy	Which sandhi class is “m + t → ṃ t”?	anusvāra / nasal	consonant / other | vowel coalescence | anusvāra / nasal | visarga	pātratvāt dhanam āpnoti dhanād dharmaṃ tataḥ sukham dharmaṃ+tataḥ
SD-0013	join	m v → ṃ v	anusvāra / nasal	2	easy	Apply sandhi: m + v → ?	ṃ v	ṃ l | ṃs t | ṃ h | ṃ v	vidyā dadāti vinayaṃ vinayād yāti pātratām vinayaṃ+vinayād
SD-0014	split	m v → ṃ v	anusvāra / nasal	2	easy	You meet “ṃ v” while reading. What was the original junction?	m + v	m + ś | m + l | m + g | m + v	vidyā dadāti vinayaṃ vinayād yāti pātratām vinayaṃ+vinayād
SD-0015	identify	m v → ṃ v	anusvāra / nasal	2	easy	Which sandhi class is “m + v → ṃ v”?	anusvāra / nasal	vowel coalescence | anusvāra / nasal | consonant / other | visarga	vidyā dadāti vinayaṃ vinayād yāti pātratām vinayaṃ+vinayād
SD-0016	join	m c → ṃ c	anusvāra / nasal	2	easy	Apply sandhi: m + c → ?	ṃ c	ṃ c | ṃ ś | ṃs t | ṃ p	ajarāmaravat prājño vidyāmarthaṃ ca cintayet artham→vidyāmarthaṃ +ca
SD-0017	split	m c → ṃ c	anusvāra / nasal	2	easy	You meet “ṃ c” while reading. What was the original junction?	m + c	m + bh | m + c | m + p | m + g	ajarāmaravat prājño vidyāmarthaṃ ca cintayet artham→vidyāmarthaṃ +ca
SD-0018	identify	m c → ṃ c	anusvāra / nasal	2	easy	Which sandhi class is “m + c → ṃ c”?	anusvāra / nasal	visarga | consonant / other | vowel coalescence | anusvāra / nasal	ajarāmaravat prājño vidyāmarthaṃ ca cintayet artham→vidyāmarthaṃ +ca
SD-0019	join	m k → ṃ k	anusvāra / nasal	3	easy	Apply sandhi: m + k → ?	ṃ k	ṃ j | ṃ t | ṃ v | ṃ k	dhanurvaṃśaviśuddho 'pi nirguṇaḥ kiṃ kariṣyati kiṃ+kariṣyati
SD-0020	split	m k → ṃ k	anusvāra / nasal	3	easy	You meet “ṃ k” while reading. What was the original junction?	m + k	m + k | m + d | m + gh | m + r	dhanurvaṃśaviśuddho 'pi nirguṇaḥ kiṃ kariṣyati kiṃ+kariṣyati
SD-0021	identify	m k → ṃ k	anusvāra / nasal	3	easy	Which sandhi class is “m + k → ṃ k”?	anusvāra / nasal	consonant / other | vowel coalescence | anusvāra / nasal | visarga	dhanurvaṃśaviśuddho 'pi nirguṇaḥ kiṃ kariṣyati kiṃ+kariṣyati
SD-0022	join	m m → ṃ m	anusvāra / nasal	3	easy	Apply sandhi: m + m → ?	ṃ m	ṃ n | ṃ bh | ṃ s | ṃ m	dāne tapasi śaurye ca yasya na prathitaṃ manaḥ prathitaṃ+manaḥ
SD-0023	split	m m → ṃ m	anusvāra / nasal	3	easy	You meet “ṃ m” while reading. What was the original junction?	m + m	m + v | m + y | m + m | m + h	dāne tapasi śaurye ca yasya na prathitaṃ manaḥ prathitaṃ+manaḥ
SD-0024	identify	m m → ṃ m	anusvāra / nasal	3	easy	Which sandhi class is “m + m → ṃ m”?	anusvāra / nasal	anusvāra / nasal | visarga | consonant / other | vowel coalescence	dāne tapasi śaurye ca yasya na prathitaṃ manaḥ prathitaṃ+manaḥ
SD-0025	join	m n → ṃ n	anusvāra / nasal	3	easy	Apply sandhi: m + n → ?	ṃ n	ṃ n | ṃ bh | ṃ y | ṃ gh	vācāṃ sarvatra vaicitryaṃ nītividyāṃ dadāti ca vaicitryaṃ+nīti
SD-0026	split	m n → ṃ n	anusvāra / nasal	3	easy	You meet “ṃ n” while reading. What was the original junction?	m + n	m + p | n + c | m + n | m + h	vācāṃ sarvatra vaicitryaṃ nītividyāṃ dadāti ca vaicitryaṃ+nīti
SD-0027	identify	m n → ṃ n	anusvāra / nasal	3	easy	Which sandhi class is “m + n → ṃ n”?	anusvāra / nasal	consonant / other | vowel coalescence | anusvāra / nasal | visarga	vācāṃ sarvatra vaicitryaṃ nītividyāṃ dadāti ca vaicitryaṃ+nīti
SD-0028	join	ḥ t → s t	visarga	3	easy	Apply sandhi: ḥ + t → ?	s t	s t | Ø t | ṃpāyana u | Ø g	kathāchalena bālānāṃ nītis tad iha kathyate nītis+tad
SD-0029	split	ḥ t → s t	visarga	3	easy	You meet “s t” while reading. What was the original junction?	ḥ + t	ḥ + t | iḥ + p | ḥ + bh | ḥ + s	kathāchalena bālānāṃ nītis tad iha kathyate nītis+tad
SD-0030	identify	ḥ t → s t	visarga	3	easy	Which sandhi class is “ḥ + t → s t”?	visarga	visarga | vowel coalescence | consonant / other | anusvāra / nasal	kathāchalena bālānāṃ nītis tad iha kathyate nītis+tad
SD-0031	join	a ā → ā	vowel coalescence	4	medium	Apply sandhi: a + ā → ?	ā	ā | ai | o | e	ity ākarṇyātmanaḥ putrāṇām anadhigataśāstrāṇāṃ nityam unmārgagāmināṃ śāstrānanuṣṭhānenodvignamanāḥ sa rājā cintayāmāsa ākarṇya+ātmanaḥ→ākarṇyātmanaḥ
SD-0032	split	a ā → ā	vowel coalescence	4	medium	You meet “ā” while reading. What was the original junction?	a + ā	a + e | a + ā | i + ā | a + i	ity ākarṇyātmanaḥ putrāṇām anadhigataśāstrāṇāṃ nityam unmārgagāmināṃ śāstrānanuṣṭhānenodvignamanāḥ sa rājā cintayāmāsa ākarṇya+ātmanaḥ→ākarṇyātmanaḥ
SD-0033	identify	a ā → ā	vowel coalescence	4	medium	Which sandhi class is “a + ā → ā”?	vowel coalescence	vowel coalescence | visarga | anusvāra / nasal | consonant / other	ity ākarṇyātmanaḥ putrāṇām anadhigataśāstrāṇāṃ nityam unmārgagāmināṃ śāstrānanuṣṭhānenodvignamanāḥ sa rājā cintayāmāsa ākarṇya+ātmanaḥ→ākarṇyātmanaḥ
SD-0034	join	m d → ṃ d	anusvāra / nasal	4	medium	Apply sandhi: m + d → ?	ṃ d	ṃ s | ṃ j | ṃ d | ṃ l	vācāṃ sarvatra vaicitryaṃ nītividyāṃ dadāti ca vidyām→nītividyāṃ +dadāti
SD-0035	split	m d → ṃ d	anusvāra / nasal	4	medium	You meet “ṃ d” while reading. What was the original junction?	m + d	m + d | m + r | m + m | m + y	vācāṃ sarvatra vaicitryaṃ nītividyāṃ dadāti ca vidyām→nītividyāṃ +dadāti
SD-0036	identify	m d → ṃ d	anusvāra / nasal	4	medium	Which sandhi class is “m + d → ṃ d”?	anusvāra / nasal	anusvāra / nasal | consonant / other | vowel coalescence | visarga	vācāṃ sarvatra vaicitryaṃ nītividyāṃ dadāti ca vidyām→nītividyāṃ +dadāti
SD-0037	join	ḥ c → ś c	visarga	4	medium	Apply sandhi: ḥ + c → ?	ś c	o m | ś c | o bh | r dh	ekaś candramās tamo hanti na ca tārāgaṇair api ekaś+candramās
SD-0038	split	ḥ c → ś c	visarga	4	medium	You meet “ś c” while reading. What was the original junction?	ḥ + c	mpāyanaḥ + u | ḥ + u | ḥ + c | ḥ + h	ekaś candramās tamo hanti na ca tārāgaṇair api ekaś+candramās
SD-0039	identify	ḥ c → ś c	visarga	4	medium	Which sandhi class is “ḥ + c → ś c”?	visarga	visarga | consonant / other | anusvāra / nasal | vowel coalescence	ekaś candramās tamo hanti na ca tārāgaṇair api ekaś+candramās
SD-0040	join	m ś → ṃ ś	anusvāra / nasal	4	medium	Apply sandhi: m + ś → ?	ṃ ś	ṃ ś | ṃ dh | ṃs t | ṃ b	sa bhūpatir ekadā kenāpi pāṭhyamānaṃ ślokadvayaṃ śuśrāva pāṭhyamānaṃ+śloka
SD-0041	split	m ś → ṃ ś	anusvāra / nasal	4	medium	You meet “ṃ ś” while reading. What was the original junction?	m + ś	m + l | m + ś | m + s | n + c	sa bhūpatir ekadā kenāpi pāṭhyamānaṃ ślokadvayaṃ śuśrāva pāṭhyamānaṃ+śloka
SD-0042	identify	m ś → ṃ ś	anusvāra / nasal	4	medium	Which sandhi class is “m + ś → ṃ ś”?	anusvāra / nasal	consonant / other | vowel coalescence | anusvāra / nasal | visarga	sa bhūpatir ekadā kenāpi pāṭhyamānaṃ ślokadvayaṃ śuśrāva pāṭhyamānaṃ+śloka
SD-0043	join	m y → ṃ y	anusvāra / nasal	4	medium	Apply sandhi: m + y → ?	ṃ y	ṃ b | ṃ t | ṃ gh | ṃ y	sarvasya locanaṃ śāstraṃ yasya nāsty andha eva saḥ śāstraṃ+yasya
SD-0044	split	m y → ṃ y	anusvāra / nasal	4	medium	You meet “ṃ y” while reading. What was the original junction?	m + y	m + d | m + c | m + y | m + k	sarvasya locanaṃ śāstraṃ yasya nāsty andha eva saḥ śāstraṃ+yasya
SD-0045	identify	m y → ṃ y	anusvāra / nasal	4	medium	Which sandhi class is “m + y → ṃ y”?	anusvāra / nasal	vowel coalescence | anusvāra / nasal | consonant / other | visarga	sarvasya locanaṃ śāstraṃ yasya nāsty andha eva saḥ śāstraṃ+yasya
SD-0046	join	aḥ v → o v	visarga	5	medium	Apply sandhi: aḥ + v → ?	o v	Ø s | Ø m | r b | o v	ajarāmaravat prājño vidyāmarthaṃ ca cintayet prājño+vidyām
SD-0047	split	aḥ v → o v	visarga	5	medium	You meet “o v” while reading. What was the original junction?	aḥ + v	ḥ + v | aḥ + v | aḥ + y | ḥ + h	ajarāmaravat prājño vidyāmarthaṃ ca cintayet prājño+vidyām
SD-0048	identify	aḥ v → o v	visarga	5	medium	Which sandhi class is “aḥ + v → o v”?	visarga	consonant / other | visarga | anusvāra / nasal | vowel coalescence	ajarāmaravat prājño vidyāmarthaṃ ca cintayet prājño+vidyām
SD-0049	join	m bh → ṃ bh	anusvāra / nasal	5	medium	Apply sandhi: m + bh → ?	ṃ bh	ṃ bh | ṃ v | ṃ r | ṃ m	samudram iva durdharṣaṃ nṛpaṃ bhāgyam ataḥ param nṛpaṃ+bhāgyam
SD-0050	split	m bh → ṃ bh	anusvāra / nasal	5	medium	You meet “ṃ bh” while reading. What was the original junction?	m + bh	m + bh | m + p | m + t | m + h	samudram iva durdharṣaṃ nṛpaṃ bhāgyam ataḥ param nṛpaṃ+bhāgyam
SD-0051	identify	m bh → ṃ bh	anusvāra / nasal	5	medium	Which sandhi class is “m + bh → ṃ bh”?	anusvāra / nasal	consonant / other | anusvāra / nasal | visarga | vowel coalescence	samudram iva durdharṣaṃ nṛpaṃ bhāgyam ataḥ param nṛpaṃ+bhāgyam
SD-0052	join	m r → ṃ r	anusvāra / nasal	5	medium	Apply sandhi: m + r → ?	ṃ r	ṃ r | ṃ n | ṃ j | ṃś c	atha prāsādapṛṣṭhe sukhopaviṣṭānāṃ rājaputrāṇāṃ purastāt prastāvakrameṇa paṇḍito 'bravīt upaviṣṭānām→sukhopaviṣṭānāṃ +rāja
SD-0053	split	m r → ṃ r	anusvāra / nasal	5	medium	You meet “ṃ r” while reading. What was the original junction?	m + r	m + r | m + gh | m + h | m + m	atha prāsādapṛṣṭhe sukhopaviṣṭānāṃ rājaputrāṇāṃ purastāt prastāvakrameṇa paṇḍito 'bravīt upaviṣṭānām→sukhopaviṣṭānāṃ +rāja
SD-0054	identify	m r → ṃ r	anusvāra / nasal	5	medium	Which sandhi class is “m + r → ṃ r”?	anusvāra / nasal	visarga | anusvāra / nasal | consonant / other | vowel coalescence	atha prāsādapṛṣṭhe sukhopaviṣṭānāṃ rājaputrāṇāṃ purastāt prastāvakrameṇa paṇḍito 'bravīt upaviṣṭānām→sukhopaviṣṭānāṃ +rāja
SD-0055	join	aḥ m → o m	visarga	5	medium	Apply sandhi: aḥ + m → ?	o m	o m | Ø r | ṃpāyana u | Ø m	asti kaścid evambhūto vidvān yo mama putrāṇāṃ nityam unmārgagāminām anadhigataśāstrāṇām idānīṃ nītiśāstropadeśena punar janma kārayituṃ samarthaḥ yataḥ yo+mama
SD-0056	split	aḥ m → o m	visarga	5	medium	You meet “o m” while reading. What was the original junction?	aḥ + m	aḥ + n | ḥ + v | aḥ + m | ḥ + dh	asti kaścid evambhūto vidvān yo mama putrāṇāṃ nityam unmārgagāminām anadhigataśāstrāṇām idānīṃ nītiśāstropadeśena punar janma kārayituṃ samarthaḥ yataḥ yo+mama
SD-0057	identify	aḥ m → o m	visarga	5	medium	Which sandhi class is “aḥ + m → o m”?	visarga	visarga | vowel coalescence | anusvāra / nasal | consonant / other	asti kaścid evambhūto vidvān yo mama putrāṇāṃ nityam unmārgagāminām anadhigataśāstrāṇām idānīṃ nītiśāstropadeśena punar janma kārayituṃ samarthaḥ yataḥ yo+mama
SD-0058	join	a u → o	vowel coalescence	5	medium	Apply sandhi: a + u → ?	o	ī | o | ai | v a	śruto hitopadeśo 'yaṃ pāṭavaṃ saṃskṛtoktiṣu saṃskṛta+uktiṣu→saṃskṛtoktiṣu
SD-0059	split	a u → o	vowel coalescence	5	medium	You meet “o” while reading. What was the original junction?	a + u	a + ī | i + a | a + i | a + u	śruto hitopadeśo 'yaṃ pāṭavaṃ saṃskṛtoktiṣu saṃskṛta+uktiṣu→saṃskṛtoktiṣu
SD-0060	identify	a u → o	vowel coalescence	5	medium	Which sandhi class is “a + u → o”?	vowel coalescence	consonant / other | visarga | vowel coalescence | anusvāra / nasal	śruto hitopadeśo 'yaṃ pāṭavaṃ saṃskṛtoktiṣu saṃskṛta+uktiṣu→saṃskṛtoktiṣu
SD-0061	join	ā a → ā	vowel coalescence	5	medium	Apply sandhi: ā + a → ?	ā	ā | y e | e ' | ai	saṃyojayati vidyaiva nīcagāpi naraṃ sarit nīcagā+api→nīcagāpi
SD-0062	split	ā a → ā	vowel coalescence	5	medium	You meet “ā” while reading. What was the original junction?	ā + a	a + ā | a + ī | ā + a | ā + i	saṃyojayati vidyaiva nīcagāpi naraṃ sarit nīcagā+api→nīcagāpi
SD-0063	identify	ā a → ā	vowel coalescence	5	medium	Which sandhi class is “ā + a → ā”?	vowel coalescence	anusvāra / nasal | consonant / other | vowel coalescence | visarga	saṃyojayati vidyaiva nīcagāpi naraṃ sarit nīcagā+api→nīcagāpi
SD-0064	join	aḥ a → o '	visarga	5	medium	Apply sandhi: aḥ + a → ?	o '	o v | Ø p | Ø s | o '	ko 'rthaḥ putreṇa jātena yo na vidvān na dhārmikaḥ ko+'rthaḥ
SD-0065	split	aḥ a → o '	visarga	5	medium	You meet “o '” while reading. What was the original junction?	aḥ + a	aḥ + a | ḥ + y | ḥ + v | iḥ + t	ko 'rthaḥ putreṇa jātena yo na vidvān na dhārmikaḥ ko+'rthaḥ
SD-0066	identify	aḥ a → o '	visarga	5	medium	Which sandhi class is “aḥ + a → o '”?	visarga	vowel coalescence | anusvāra / nasal | visarga | consonant / other	ko 'rthaḥ putreṇa jātena yo na vidvān na dhārmikaḥ ko+'rthaḥ
SD-0067	join	a e → ai	vowel coalescence	5	medium	Apply sandhi: a + e → ?	ai	ai | ā | e | e '	varaṃ garbhasrāvo varam api ca naivābhigamanaṃ varaṃ jātaḥ preto varam api ca kanyāvajanitā na+eva→naivābhigamanaṃ
SD-0068	split	a e → ai	vowel coalescence	5	medium	You meet “ai” while reading. What was the original junction?	a + e	i + u | u + a | a + ī | a + e	varaṃ garbhasrāvo varam api ca naivābhigamanaṃ varaṃ jātaḥ preto varam api ca kanyāvajanitā na+eva→naivābhigamanaṃ
SD-0069	identify	a e → ai	vowel coalescence	5	medium	Which sandhi class is “a + e → ai”?	vowel coalescence	anusvāra / nasal | vowel coalescence | visarga | consonant / other	varaṃ garbhasrāvo varam api ca naivābhigamanaṃ varaṃ jātaḥ preto varam api ca kanyāvajanitā na+eva→naivābhigamanaṃ
SD-0070	join	i a → y a	vowel coalescence	6	medium	Apply sandhi: i + a → ?	y a	y e | y a | ā | e	sarvasya locanaṃ śāstraṃ yasya nāsty andha eva saḥ asti→nāsty +andha
SD-0071	split	i a → y a	vowel coalescence	6	medium	You meet “y a” while reading. What was the original junction?	i + a	i + ā | i + a | ā + ā | ā + i	sarvasya locanaṃ śāstraṃ yasya nāsty andha eva saḥ asti→nāsty +andha
SD-0072	identify	i a → y a	vowel coalescence	6	medium	Which sandhi class is “i + a → y a”?	vowel coalescence	vowel coalescence | visarga | consonant / other | anusvāra / nasal	sarvasya locanaṃ śāstraṃ yasya nāsty andha eva saḥ asti→nāsty +andha
SD-0073	join	aḥ n → o n	visarga	6	medium	Apply sandhi: aḥ + n → ?	o n	r a | o n | o h | Ø k	yan nave bhājane lagnaḥ saṃskāro nānyathā bhavet saṃskāro+na
SD-0074	split	aḥ n → o n	visarga	6	medium	You meet “o n” while reading. What was the original junction?	aḥ + n	aḥ + v | ḥ + j | aḥ + n | ḥ + v	yan nave bhājane lagnaḥ saṃskāro nānyathā bhavet saṃskāro+na
SD-0075	identify	aḥ n → o n	visarga	6	medium	Which sandhi class is “aḥ + n → o n”?	visarga	anusvāra / nasal | visarga | consonant / other | vowel coalescence	yan nave bhājane lagnaḥ saṃskāro nānyathā bhavet saṃskāro+na
SD-0076	join	m g → ṃ g	anusvāra / nasal	6	medium	Apply sandhi: m + g → ?	ṃ g	ṃ gh | ṃ c | ṃ bh | ṃ g	varaṃ garbhasrāvo varam api ca naivābhigamanaṃ varaṃ jātaḥ preto varam api ca kanyāvajanitā varaṃ+garbhasrāvo
SD-0077	split	m g → ṃ g	anusvāra / nasal	6	medium	You meet “ṃ g” while reading. What was the original junction?	m + g	m + g | n + c | n + t | m + dh	varaṃ garbhasrāvo varam api ca naivābhigamanaṃ varaṃ jātaḥ preto varam api ca kanyāvajanitā varaṃ+garbhasrāvo
SD-0078	identify	m g → ṃ g	anusvāra / nasal	6	medium	Which sandhi class is “m + g → ṃ g”?	anusvāra / nasal	anusvāra / nasal | consonant / other | visarga | vowel coalescence	varaṃ garbhasrāvo varam api ca naivābhigamanaṃ varaṃ jātaḥ preto varam api ca kanyāvajanitā varaṃ+garbhasrāvo
SD-0079	join	m h → ṃ h	anusvāra / nasal	6	medium	Apply sandhi: m + h → ?	ṃ h	ṃ h | ṃ j | ṃ t | ṃ b	nagnatvaṃ nīlakaṇṭhasya mahāhiśayanaṃ hareḥ śayanam→mahāhiśayanaṃ +hareḥ
SD-0080	split	m h → ṃ h	anusvāra / nasal	6	medium	You meet “ṃ h” while reading. What was the original junction?	m + h	m + v | m + m | n + c | m + h	nagnatvaṃ nīlakaṇṭhasya mahāhiśayanaṃ hareḥ śayanam→mahāhiśayanaṃ +hareḥ
SD-0081	identify	m h → ṃ h	anusvāra / nasal	6	medium	Which sandhi class is “m + h → ṃ h”?	anusvāra / nasal	anusvāra / nasal | consonant / other | visarga | vowel coalescence	nagnatvaṃ nīlakaṇṭhasya mahāhiśayanaṃ hareḥ śayanam→mahāhiśayanaṃ +hareḥ
SD-0082	join	ḥ a → r a	visarga	6	medium	Apply sandhi: ḥ + a → ?	r a	Ø v | r a | r g | Ø s	sarvadravyeṣu vidyaiva dravyam āhur anuttamam āhur+anuttamam
SD-0083	split	ḥ a → r a	visarga	6	medium	You meet “r a” while reading. What was the original junction?	ḥ + a	ḥ + k | ḥ + c | ḥ + a | ḥ + y	sarvadravyeṣu vidyaiva dravyam āhur anuttamam āhur+anuttamam
SD-0084	identify	ḥ a → r a	visarga	6	medium	Which sandhi class is “ḥ + a → r a”?	visarga	visarga | anusvāra / nasal | vowel coalescence | consonant / other	sarvadravyeṣu vidyaiva dravyam āhur anuttamam āhur+anuttamam
SD-0085	join	a i → e	vowel coalescence	6	medium	Apply sandhi: a + i → ?	e	e | ā | ī | o	ajāgalastanasyeva tasya janma nirarthakam ajāgalastanasya+iva→ajāgalastanasyeva
SD-0086	split	a i → e	vowel coalescence	6	medium	You meet “e” while reading. What was the original junction?	a + i	i + a | a + ī | ā + e | a + i	ajāgalastanasyeva tasya janma nirarthakam ajāgalastanasya+iva→ajāgalastanasyeva
SD-0087	identify	a i → e	vowel coalescence	6	medium	Which sandhi class is “a + i → e”?	vowel coalescence	vowel coalescence | consonant / other | visarga | anusvāra / nasal	ajāgalastanasyeva tasya janma nirarthakam ajāgalastanasya+iva→ajāgalastanasyeva
SD-0088	join	m b → ṃ b	anusvāra / nasal	6	medium	Apply sandhi: m + b → ?	ṃ b	ṃ b | ṃ h | ṃ g | ṃ s	prakāśaṃ brūte prakāśaṃ+brūte
SD-0089	split	m b → ṃ b	anusvāra / nasal	6	medium	You meet “ṃ b” while reading. What was the original junction?	m + b	m + b | m + k | m + v | m + j	prakāśaṃ brūte prakāśaṃ+brūte
SD-0090	identify	m b → ṃ b	anusvāra / nasal	6	medium	Which sandhi class is “m + b → ṃ b”?	anusvāra / nasal	visarga | anusvāra / nasal | consonant / other | vowel coalescence	prakāśaṃ brūte prakāśaṃ+brūte
SD-0091	join	m j → ṃ j	anusvāra / nasal	6	medium	Apply sandhi: m + j → ?	ṃ j	ṃ h | ṃ s | ṃ j | ṃ d	varaṃ garbhasrāvo varam api ca naivābhigamanaṃ varaṃ jātaḥ preto varam api ca kanyāvajanitā varaṃ+jātaḥ
SD-0092	split	m j → ṃ j	anusvāra / nasal	6	medium	You meet “ṃ j” while reading. What was the original junction?	m + j	m + n | m + bh | m + m | m + j	varaṃ garbhasrāvo varam api ca naivābhigamanaṃ varaṃ jātaḥ preto varam api ca kanyāvajanitā varaṃ+jātaḥ
SD-0093	identify	m j → ṃ j	anusvāra / nasal	6	medium	Which sandhi class is “m + j → ṃ j”?	anusvāra / nasal	visarga | vowel coalescence | anusvāra / nasal | consonant / other	varaṃ garbhasrāvo varam api ca naivābhigamanaṃ varaṃ jātaḥ preto varam api ca kanyāvajanitā varaṃ+jātaḥ
SD-0094	join	aḥ a → o a	visarga	6	medium	Apply sandhi: aḥ + a → ?	o a	o a | o ' | Ø k | Ø dh	varaṃ vandhyā bhāryā varam api ca garbheṣu vasatir na vāvidvān rūpadraviṇaguṇayukto 'pi tanayaḥ yuktaḥ→rūpadraviṇaguṇayukto +'pi
SD-0095	split	aḥ a → o a	visarga	6	medium	You meet “o a” while reading. What was the original junction?	aḥ + a	ḥ + ā | aḥ + bh | aḥ + a | ḥ + y	varaṃ vandhyā bhāryā varam api ca garbheṣu vasatir na vāvidvān rūpadraviṇaguṇayukto 'pi tanayaḥ yuktaḥ→rūpadraviṇaguṇayukto +'pi
SD-0096	identify	aḥ a → o a	visarga	6	medium	Which sandhi class is “aḥ + a → o a”?	visarga	vowel coalescence | anusvāra / nasal | consonant / other | visarga	varaṃ vandhyā bhāryā varam api ca garbheṣu vasatir na vāvidvān rūpadraviṇaguṇayukto 'pi tanayaḥ yuktaḥ→rūpadraviṇaguṇayukto +'pi
SD-0097	join	ḥ u → Ø u	visarga	6	medium	Apply sandhi: ḥ + u → ?	Ø u	Ø n | Ø u | r bh | o j	vyāghra uvāca śṛṇu re pāntha prāg eva yauvanadaśāyām aham atīva durvṛtta āsam vyāghra+uvāca
SD-0098	split	ḥ u → Ø u	visarga	6	medium	You meet “Ø u” while reading. What was the original junction?	ḥ + u	aḥ + a | ḥ + u | iḥ + p | ḥ + dh	vyāghra uvāca śṛṇu re pāntha prāg eva yauvanadaśāyām aham atīva durvṛtta āsam vyāghra+uvāca
SD-0099	identify	ḥ u → Ø u	visarga	6	medium	Which sandhi class is “ḥ + u → Ø u”?	visarga	visarga | anusvāra / nasal | consonant / other | vowel coalescence	vyāghra uvāca śṛṇu re pāntha prāg eva yauvanadaśāyām aham atīva durvṛtta āsam vyāghra+uvāca
SD-0100	join	aḥ r → o r	visarga	6	medium	Apply sandhi: aḥ + r → ?	o r	Ø g | o b | o r | o h	sampadi yasya na harṣo vipadi viṣādo raṇe ca bhīrutvam viṣādo+raṇe
SD-0101	split	aḥ r → o r	visarga	6	medium	You meet “o r” while reading. What was the original junction?	aḥ + r	ḥ + t | aḥ + ayam | aḥ + r | ḥ + v	sampadi yasya na harṣo vipadi viṣādo raṇe ca bhīrutvam viṣādo+raṇe
SD-0102	identify	aḥ r → o r	visarga	6	medium	Which sandhi class is “aḥ + r → o r”?	visarga	consonant / other | anusvāra / nasal | vowel coalescence | visarga	sampadi yasya na harṣo vipadi viṣādo raṇe ca bhīrutvam viṣādo+raṇe
SD-0103	join	aḥ d → o d	visarga	7	hard	Apply sandhi: aḥ + d → ?	o d	o l | o d | o g | Ø b	tadupadeśādidānīm ahaṃ snānaśīlo dātā vṛddho galitanakhadantaḥ na kathaṃ viśvāsabhūmiḥ śīlaḥ→snānaśīlo +dātā
SD-0104	split	aḥ d → o d	visarga	7	hard	You meet “o d” while reading. What was the original junction?	aḥ + d	aḥ + d | ḥ + v | ḥ + y | aḥ + v	tadupadeśādidānīm ahaṃ snānaśīlo dātā vṛddho galitanakhadantaḥ na kathaṃ viśvāsabhūmiḥ śīlaḥ→snānaśīlo +dātā
SD-0105	identify	aḥ d → o d	visarga	7	hard	Which sandhi class is “aḥ + d → o d”?	visarga	consonant / other | visarga | anusvāra / nasal | vowel coalescence	tadupadeśādidānīm ahaṃ snānaśīlo dātā vṛddho galitanakhadantaḥ na kathaṃ viśvāsabhūmiḥ śīlaḥ→snānaśīlo +dātā
SD-0106	join	aḥ bh → o bh	visarga	7	hard	Apply sandhi: aḥ + bh → ?	o bh	o bh | o 'yaṃ | Ø e | o y	tasya putro bhaved vaśyaḥ samṛddho dhārmikaḥ sudhīḥ putro+bhaved
SD-0107	split	aḥ bh → o bh	visarga	7	hard	You meet “o bh” while reading. What was the original junction?	aḥ + bh	aḥ + m | ḥ + dh | aḥ + bh | aḥ + v	tasya putro bhaved vaśyaḥ samṛddho dhārmikaḥ sudhīḥ putro+bhaved
SD-0108	identify	aḥ bh → o bh	visarga	7	hard	Which sandhi class is “aḥ + bh → o bh”?	visarga	consonant / other | visarga | anusvāra / nasal | vowel coalescence	tasya putro bhaved vaśyaḥ samṛddho dhārmikaḥ sudhīḥ putro+bhaved
SD-0109	join	aḥ y → o y	visarga	7	hard	Apply sandhi: aḥ + y → ?	o y	o y | Ø y | r u | o d	sa jāto yena jātena yāti vaṃśaḥ samunnatim jāto+yena
SD-0110	split	aḥ y → o y	visarga	7	hard	You meet “o y” while reading. What was the original junction?	aḥ + y	aḥ + l | iḥ + s | aḥ + y | ḥ + t	sa jāto yena jātena yāti vaṃśaḥ samunnatim jāto+yena
SD-0111	identify	aḥ y → o y	visarga	7	hard	Which sandhi class is “aḥ + y → o y”?	visarga	visarga | vowel coalescence | consonant / other | anusvāra / nasal	sa jāto yena jātena yāti vaṃśaḥ samunnatim jāto+yena
SD-0112	join	t a → d a	consonant / other	7	hard	Apply sandhi: t + a → ?	d a	ḥ ś | d bh | d d | d a	ahāryatvād anarghatvād akṣayatvāc ca sarvadā ahāryatvād+anargha
SD-0113	split	t a → d a	consonant / other	7	hard	You meet “d a” while reading. What was the original junction?	t + a	t + a | t + u | t + n | as + v	ahāryatvād anarghatvād akṣayatvāc ca sarvadā ahāryatvād+anargha
SD-0114	identify	t a → d a	consonant / other	7	hard	Which sandhi class is “t + a → d a”?	consonant / other	vowel coalescence | anusvāra / nasal | visarga | consonant / other	ahāryatvād anarghatvād akṣayatvāc ca sarvadā ahāryatvād+anargha
SD-0115	join	ḥ v → Ø v	visarga	7	hard	Apply sandhi: ḥ + v → ?	Ø v	r i | Ø p | Ø v | s t	udyoginaṃ puruṣasiṃham upaiti lakṣmīr daivena deyam iti kāpuruṣā vadanti kāpuruṣā+vadanti
SD-0116	split	ḥ v → Ø v	visarga	7	hard	You meet “Ø v” while reading. What was the original junction?	ḥ + v	ḥ + v | ḥ + u | aḥ + h | mpāyanaḥ + u	udyoginaṃ puruṣasiṃham upaiti lakṣmīr daivena deyam iti kāpuruṣā vadanti kāpuruṣā+vadanti
SD-0117	identify	ḥ v → Ø v	visarga	7	hard	Which sandhi class is “ḥ + v → Ø v”?	visarga	consonant / other | vowel coalescence | visarga | anusvāra / nasal	udyoginaṃ puruṣasiṃham upaiti lakṣmīr daivena deyam iti kāpuruṣā vadanti kāpuruṣā+vadanti
SD-0118	join	ḥ v → r v	visarga	7	hard	Apply sandhi: ḥ + v → ?	r v	o b | r i | r v | o v	yaśasi cābhirucir vyasanaṃ śrutau prakṛtisiddham idaṃ hi mahātmanām abhiruciḥ→cābhirucir +vyasanaṃ
SD-0119	split	ḥ v → r v	visarga	7	hard	You meet “r v” while reading. What was the original junction?	ḥ + v	ḥ + p | ḥ + dh | ḥ + v | iḥ + t	yaśasi cābhirucir vyasanaṃ śrutau prakṛtisiddham idaṃ hi mahātmanām abhiruciḥ→cābhirucir +vyasanaṃ
SD-0120	identify	ḥ v → r v	visarga	7	hard	Which sandhi class is “ḥ + v → r v”?	visarga	consonant / other | visarga | vowel coalescence | anusvāra / nasal	yaśasi cābhirucir vyasanaṃ śrutau prakṛtisiddham idaṃ hi mahātmanām abhiruciḥ→cābhirucir +vyasanaṃ
SD-0121	join	m dh → ṃ dh	anusvāra / nasal	7	hard	Apply sandhi: m + dh → ?	ṃ dh	ṃ h | ṃ y | ṃ dh | ṃs t	yauvanaṃ dhanasampattiḥ prabhutvam avivekitā yauvanaṃ+dhana
SD-0122	split	m dh → ṃ dh	anusvāra / nasal	7	hard	You meet “ṃ dh” while reading. What was the original junction?	m + dh	m + b | m + dh | m + gh | n + c	yauvanaṃ dhanasampattiḥ prabhutvam avivekitā yauvanaṃ+dhana
SD-0123	identify	m dh → ṃ dh	anusvāra / nasal	7	hard	Which sandhi class is “m + dh → ṃ dh”?	anusvāra / nasal	vowel coalescence | visarga | consonant / other | anusvāra / nasal	yauvanaṃ dhanasampattiḥ prabhutvam avivekitā yauvanaṃ+dhana
SD-0124	join	ḥ i → Ø i	visarga	7	hard	Apply sandhi: ḥ + i → ?	Ø i	Ø i | o 'yaṃ | r d | Ø g	gṛhīta iva keśeṣu mṛtyunā dharmamācaret gṛhīta+iva
SD-0125	split	ḥ i → Ø i	visarga	7	hard	You meet “Ø i” while reading. What was the original junction?	ḥ + i	ḥ + i | ḥ + n | ḥ + u | ḥ + y	gṛhīta iva keśeṣu mṛtyunā dharmamācaret gṛhīta+iva
SD-0126	identify	ḥ i → Ø i	visarga	7	hard	Which sandhi class is “ḥ + i → Ø i”?	visarga	visarga | vowel coalescence | anusvāra / nasal | consonant / other	gṛhīta iva keśeṣu mṛtyunā dharmamācaret gṛhīta+iva
SD-0127	join	aḥ h → o h	visarga	7	hard	Apply sandhi: aḥ + h → ?	o h	o j | r m | o d | o h	śruto hitopadeśo 'yaṃ pāṭavaṃ saṃskṛtoktiṣu śruto+hitopadeśo
SD-0128	split	aḥ h → o h	visarga	7	hard	You meet “o h” while reading. What was the original junction?	aḥ + h	aḥ + h | iḥ + v | ḥ + c | ḥ + s	śruto hitopadeśo 'yaṃ pāṭavaṃ saṃskṛtoktiṣu śruto+hitopadeśo
SD-0129	identify	aḥ h → o h	visarga	7	hard	Which sandhi class is “aḥ + h → o h”?	visarga	consonant / other | vowel coalescence | visarga | anusvāra / nasal	śruto hitopadeśo 'yaṃ pāṭavaṃ saṃskṛtoktiṣu śruto+hitopadeśo
SD-0130	join	e a → e '	vowel coalescence	7	hard	Apply sandhi: e + a → ?	e '	e ' | ai | e | ā	sa ca bhojanāvaśiṣṭabhikṣānnasahitaṃ bhikṣāpātraṃ nāgadantake 'vasthāpya svapiti dantake+'vasthāpya
SD-0131	split	e a → e '	vowel coalescence	7	hard	You meet “e '” while reading. What was the original junction?	e + a	e + a | a + a | i + i | a + u	sa ca bhojanāvaśiṣṭabhikṣānnasahitaṃ bhikṣāpātraṃ nāgadantake 'vasthāpya svapiti dantake+'vasthāpya
SD-0132	identify	e a → e '	vowel coalescence	7	hard	Which sandhi class is “e + a → e '”?	vowel coalescence	vowel coalescence | consonant / other | anusvāra / nasal | visarga	sa ca bhojanāvaśiṣṭabhikṣānnasahitaṃ bhikṣāpātraṃ nāgadantake 'vasthāpya svapiti dantake+'vasthāpya
SD-0133	join	t v → d v	consonant / other	7	hard	Apply sandhi: t + v → ?	d v	n n | d v | d i | ḥ ś	tasya putro bhaved vaśyaḥ samṛddho dhārmikaḥ sudhīḥ bhaved+vaśyaḥ
SD-0134	split	t v → d v	consonant / other	7	hard	You meet “d v” while reading. What was the original junction?	t + v	t + d | t + b | t + y | t + v	tasya putro bhaved vaśyaḥ samṛddho dhārmikaḥ sudhīḥ bhaved+vaśyaḥ
SD-0135	identify	t v → d v	consonant / other	7	hard	Which sandhi class is “t + v → d v”?	consonant / other	vowel coalescence | anusvāra / nasal | visarga | consonant / other	tasya putro bhaved vaśyaḥ samṛddho dhārmikaḥ sudhīḥ bhaved+vaśyaḥ
SD-0136	join	ḥ m → Ø m	visarga	7	hard	Apply sandhi: ḥ + m → ?	Ø m	Ø j | Ø e | Ø k | Ø m	anekagomānuṣāṇāṃ vadhānme putrā mṛtā dārāś ca putrā+mṛtā
SD-0137	split	ḥ m → Ø m	visarga	7	hard	You meet “Ø m” while reading. What was the original junction?	ḥ + m	ḥ + u | ḥ + v | ḥ + m | ḥ + b	anekagomānuṣāṇāṃ vadhānme putrā mṛtā dārāś ca putrā+mṛtā
SD-0138	identify	ḥ m → Ø m	visarga	7	hard	Which sandhi class is “ḥ + m → Ø m”?	visarga	vowel coalescence | consonant / other | anusvāra / nasal | visarga	anekagomānuṣāṇāṃ vadhānme putrā mṛtā dārāś ca putrā+mṛtā
SD-0139	join	ḥ m → r m	visarga	7	hard	Apply sandhi: ḥ + m → ?	r m	Ø n | o bh | r j | r m	ṛṇakartā pitā śatrur mātā ca vyabhicāriṇī śatrur+mātā
SD-0140	split	ḥ m → r m	visarga	7	hard	You meet “r m” while reading. What was the original junction?	ḥ + m	ḥ + d | ḥ + h | iḥ + s | ḥ + m	ṛṇakartā pitā śatrur mātā ca vyabhicāriṇī śatrur+mātā
SD-0141	identify	ḥ m → r m	visarga	7	hard	Which sandhi class is “ḥ + m → r m”?	visarga	anusvāra / nasal | consonant / other | vowel coalescence | visarga	ṛṇakartā pitā śatrur mātā ca vyabhicāriṇī śatrur+mātā
SD-0142	join	ā e → ai	vowel coalescence	7	hard	Apply sandhi: ā + e → ?	ai	e | ai | o | ar	sarvadravyeṣu vidyaiva dravyam āhur anuttamam vidyā+eva→vidyaiva
SD-0143	split	ā e → ai	vowel coalescence	7	hard	You meet “ai” while reading. What was the original junction?	ā + e	ā + e | i + u | i + a | i + e	sarvadravyeṣu vidyaiva dravyam āhur anuttamam vidyā+eva→vidyaiva
SD-0144	identify	ā e → ai	vowel coalescence	7	hard	Which sandhi class is “ā + e → ai”?	vowel coalescence	vowel coalescence | anusvāra / nasal | consonant / other | visarga	sarvadravyeṣu vidyaiva dravyam āhur anuttamam vidyā+eva→vidyaiva
SD-0145	join	ḥ n → Ø n	visarga	7	hard	Apply sandhi: ḥ + n → ?	Ø n	Ø m | r d | Ø n | r e	vidyāhīnā na śobhante nirgandhā iva kiṃśukāḥ hīnāḥ→vidyāhīnā +na
SD-0146	split	ḥ n → Ø n	visarga	7	hard	You meet “Ø n” while reading. What was the original junction?	ḥ + n	ḥ + a | ḥ + g | ḥ + n | ḥ + y	vidyāhīnā na śobhante nirgandhā iva kiṃśukāḥ hīnāḥ→vidyāhīnā +na
SD-0147	identify	ḥ n → Ø n	visarga	7	hard	Which sandhi class is “ḥ + n → Ø n”?	visarga	anusvāra / nasal | consonant / other | vowel coalescence | visarga	vidyāhīnā na śobhante nirgandhā iva kiṃśukāḥ hīnāḥ→vidyāhīnā +na
SD-0148	join	i e → y e	vowel coalescence	7	hard	Apply sandhi: i + e → ?	y e	y e | ar | e | o	yathā hy ekena cakreṇa na rathasya gatir bhavet hy+ekena
SD-0149	split	i e → y e	vowel coalescence	7	hard	You meet “y e” while reading. What was the original junction?	i + e	i + e | a + a | e + a | i + u	yathā hy ekena cakreṇa na rathasya gatir bhavet hy+ekena
SD-0150	identify	i e → y e	vowel coalescence	7	hard	Which sandhi class is “i + e → y e”?	vowel coalescence	consonant / other | anusvāra / nasal | vowel coalescence | visarga	yathā hy ekena cakreṇa na rathasya gatir bhavet hy+ekena
SD-0151	join	aḥ b → o b	visarga	8	hard	Apply sandhi: aḥ + b → ?	o b	r n | o b | Ø h | Ø i	ko dhanyo bahubhiḥ putraiḥ kuśūlāpūraṇāḍhakaiḥ dhanyo+bahubhiḥ
SD-0152	split	aḥ b → o b	visarga	8	hard	You meet “o b” while reading. What was the original junction?	aḥ + b	ḥ + c | iḥ + k | aḥ + l | aḥ + b	ko dhanyo bahubhiḥ putraiḥ kuśūlāpūraṇāḍhakaiḥ dhanyo+bahubhiḥ
SD-0153	identify	aḥ b → o b	visarga	8	hard	Which sandhi class is “aḥ + b → o b”?	visarga	vowel coalescence | consonant / other | visarga | anusvāra / nasal	ko dhanyo bahubhiḥ putraiḥ kuśūlāpūraṇāḍhakaiḥ dhanyo+bahubhiḥ
SD-0154	join	ā i → e	vowel coalescence	8	hard	Apply sandhi: ā + i → ?	e	e | ā | ī | y e	ayaṃ nijaḥ paro veti gaṇanā laghucetasām vā+iti→veti
SD-0155	split	ā i → e	vowel coalescence	8	hard	You meet “e” while reading. What was the original junction?	ā + i	i + u | u + a | ā + i | i + i	ayaṃ nijaḥ paro veti gaṇanā laghucetasām vā+iti→veti
SD-0156	identify	ā i → e	vowel coalescence	8	hard	Which sandhi class is “ā + i → e”?	vowel coalescence	anusvāra / nasal | consonant / other | vowel coalescence | visarga	ayaṃ nijaḥ paro veti gaṇanā laghucetasām vā+iti→veti
SD-0157	join	ḥ n → r n	visarga	8	hard	Apply sandhi: ḥ + n → ?	r n	r n | r v | Ø r | o r	varaṃ vandhyā bhāryā varam api ca garbheṣu vasatir na vāvidvān rūpadraviṇaguṇayukto 'pi tanayaḥ vasatir+na
SD-0158	split	ḥ n → r n	visarga	8	hard	You meet “r n” while reading. What was the original junction?	ḥ + n	ḥ + n | ḥ + p | iḥ + y | ḥ + c	varaṃ vandhyā bhāryā varam api ca garbheṣu vasatir na vāvidvān rūpadraviṇaguṇayukto 'pi tanayaḥ vasatir+na
SD-0159	identify	ḥ n → r n	visarga	8	hard	Which sandhi class is “ḥ + n → r n”?	visarga	anusvāra / nasal | consonant / other | vowel coalescence | visarga	varaṃ vandhyā bhāryā varam api ca garbheṣu vasatir na vāvidvān rūpadraviṇaguṇayukto 'pi tanayaḥ vasatir+na
SD-0160	join	m l → ṃ l	anusvāra / nasal	8	hard	Apply sandhi: m + l → ?	ṃ l	ṃ gh | ṃ m | ṃs t | ṃ l	lokayātrā bhayaṃ lajjā dākṣiṇyaṃ tyāgaśīlatā bhayaṃ+lajjā
SD-0161	split	m l → ṃ l	anusvāra / nasal	8	hard	You meet “ṃ l” while reading. What was the original junction?	m + l	n + c | m + l | n + t | m + n	lokayātrā bhayaṃ lajjā dākṣiṇyaṃ tyāgaśīlatā bhayaṃ+lajjā
SD-0162	identify	m l → ṃ l	anusvāra / nasal	8	hard	Which sandhi class is “m + l → ṃ l”?	anusvāra / nasal	visarga | vowel coalescence | anusvāra / nasal | consonant / other	lokayātrā bhayaṃ lajjā dākṣiṇyaṃ tyāgaśīlatā bhayaṃ+lajjā
SD-0163	join	ḥ r → Ø r	visarga	8	hard	Apply sandhi: ḥ + r → ?	Ø r	Ø r | r i | o a | r y	ity ākarṇyātmanaḥ putrāṇām anadhigataśāstrāṇāṃ nityam unmārgagāmināṃ śāstrānanuṣṭhānenodvignamanāḥ sa rājā cintayāmāsa sa+rājā
SD-0164	split	ḥ r → Ø r	visarga	8	hard	You meet “Ø r” while reading. What was the original junction?	ḥ + r	ḥ + dh | ḥ + r | iḥ + m | ḥ + k	ity ākarṇyātmanaḥ putrāṇām anadhigataśāstrāṇāṃ nityam unmārgagāmināṃ śāstrānanuṣṭhānenodvignamanāḥ sa rājā cintayāmāsa sa+rājā
SD-0165	identify	ḥ r → Ø r	visarga	8	hard	Which sandhi class is “ḥ + r → Ø r”?	visarga	consonant / other | vowel coalescence | anusvāra / nasal | visarga	ity ākarṇyātmanaḥ putrāṇām anadhigataśāstrāṇāṃ nityam unmārgagāmināṃ śāstrānanuṣṭhānenodvignamanāḥ sa rājā cintayāmāsa sa+rājā
SD-0166	join	n c → ṃś c	anusvāra / nasal	8	hard	Apply sandhi: n + c → ?	ṃś c	ṃ dh | ṃ n | ṃś c | ṃ s	atha pāśabaddhāṃś caitān dṛṣṭvā savismayaḥ kṣaṇaṃ sthitvā uvāca sakhe kim etat baddhān→pāśabaddhāṃś +ca
SD-0167	split	n c → ṃś c	anusvāra / nasal	8	hard	You meet “ṃś c” while reading. What was the original junction?	n + c	m + y | m + gh | m + h | n + c	atha pāśabaddhāṃś caitān dṛṣṭvā savismayaḥ kṣaṇaṃ sthitvā uvāca sakhe kim etat baddhān→pāśabaddhāṃś +ca
SD-0168	identify	n c → ṃś c	anusvāra / nasal	8	hard	Which sandhi class is “n + c → ṃś c”?	anusvāra / nasal	consonant / other | anusvāra / nasal | vowel coalescence | visarga	atha pāśabaddhāṃś caitān dṛṣṭvā savismayaḥ kṣaṇaṃ sthitvā uvāca sakhe kim etat baddhān→pāśabaddhāṃś +ca
SD-0169	join	u a → v a	vowel coalescence	8	hard	Apply sandhi: u + a → ?	v a	e ' | o | v a | ā	īrṣyī ghṛṇī tv asaṃtuṣṭaḥ krodhano nityaśaṅkitaḥ tv+a
SD-0170	split	u a → v a	vowel coalescence	8	hard	You meet “v a” while reading. What was the original junction?	u + a	a + ī | a + u | ā + u | u + a	īrṣyī ghṛṇī tv asaṃtuṣṭaḥ krodhano nityaśaṅkitaḥ tv+a
SD-0171	identify	u a → v a	vowel coalescence	8	hard	Which sandhi class is “u + a → v a”?	vowel coalescence	vowel coalescence | consonant / other | anusvāra / nasal | visarga	īrṣyī ghṛṇī tv asaṃtuṣṭaḥ krodhano nityaśaṅkitaḥ tv+a
SD-0172	join	aḥ j → o j	visarga	8	hard	Apply sandhi: aḥ + j → ?	o j	o n | o j | Ø k | Ø i	jñānaṃ narāṇām adhiko viśeṣo jñānena hīnāḥ paśubhiḥ samānāḥ viśeṣo+jñānena
SD-0173	split	aḥ j → o j	visarga	8	hard	You meet “o j” while reading. What was the original junction?	aḥ + j	ḥ + e | ḥ + v | aḥ + m | aḥ + j	jñānaṃ narāṇām adhiko viśeṣo jñānena hīnāḥ paśubhiḥ samānāḥ viśeṣo+jñānena
SD-0174	identify	aḥ j → o j	visarga	8	hard	Which sandhi class is “aḥ + j → o j”?	visarga	vowel coalescence | consonant / other | anusvāra / nasal | visarga	jñānaṃ narāṇām adhiko viśeṣo jñānena hīnāḥ paśubhiḥ samānāḥ viśeṣo+jñānena
SD-0175	join	i u → y u	vowel coalescence	8	hard	Apply sandhi: i + u → ?	y u	y ā | y u | ā | e	tad eteṣām asmatputrāṇāṃ nītiśāstropadeśāya bhavantaḥ pramāṇam ity uktvā tasya viṣṇuśarmaṇo bahumānapuraḥsaraṃ putrān samarpitavān ity+uktvā
SD-0176	split	i u → y u	vowel coalescence	8	hard	You meet “y u” while reading. What was the original junction?	i + u	i + u | u + a | ā + i | ā + u	tad eteṣām asmatputrāṇāṃ nītiśāstropadeśāya bhavantaḥ pramāṇam ity uktvā tasya viṣṇuśarmaṇo bahumānapuraḥsaraṃ putrān samarpitavān ity+uktvā
SD-0177	identify	i u → y u	vowel coalescence	8	hard	Which sandhi class is “i + u → y u”?	vowel coalescence	consonant / other | anusvāra / nasal | visarga | vowel coalescence	tad eteṣām asmatputrāṇāṃ nītiśāstropadeśāya bhavantaḥ pramāṇam ity uktvā tasya viṣṇuśarmaṇo bahumānapuraḥsaraṃ putrān samarpitavān ity+uktvā
SD-0178	join	ḥ d → Ø d	visarga	8	hard	Apply sandhi: ḥ + d → ?	Ø d	Ø t | Ø d | Ø m | r u	anekagomānuṣāṇāṃ vadhānme putrā mṛtā dārāś ca mṛtā+dārāś
SD-0179	split	ḥ d → Ø d	visarga	8	hard	You meet “Ø d” while reading. What was the original junction?	ḥ + d	ḥ + d | ḥ + bh | ḥ + p | ḥ + k	anekagomānuṣāṇāṃ vadhānme putrā mṛtā dārāś ca mṛtā+dārāś
SD-0180	identify	ḥ d → Ø d	visarga	8	hard	Which sandhi class is “ḥ + d → Ø d”?	visarga	vowel coalescence | visarga | consonant / other | anusvāra / nasal	anekagomānuṣāṇāṃ vadhānme putrā mṛtā dārāś ca mṛtā+dārāś
SD-0181	join	aḥ dh → o dh	visarga	8	hard	Apply sandhi: aḥ + dh → ?	o dh	Ø n | Ø bh | o dh | Ø m	tasya putro bhaved vaśyaḥ samṛddho dhārmikaḥ sudhīḥ samṛddho+dhārmikaḥ
SD-0182	split	aḥ dh → o dh	visarga	8	hard	You meet “o dh” while reading. What was the original junction?	aḥ + dh	aḥ + b | aḥ + bh | aḥ + dh | ḥ + m	tasya putro bhaved vaśyaḥ samṛddho dhārmikaḥ sudhīḥ samṛddho+dhārmikaḥ
SD-0183	identify	aḥ dh → o dh	visarga	8	hard	Which sandhi class is “aḥ + dh → o dh”?	visarga	vowel coalescence | visarga | consonant / other | anusvāra / nasal	tasya putro bhaved vaśyaḥ samṛddho dhārmikaḥ sudhīḥ samṛddho+dhārmikaḥ
SD-0184	join	n t → ṃs t	anusvāra / nasal	8	hard	Apply sandhi: n + t → ?	ṃs t	ṃs t | ṃ y | ṃś c | ṃ dh	asmiṃs tu nirguṇaṃ gotre nāpatyam upajāyate asmiṃs+tu
SD-0185	split	n t → ṃs t	anusvāra / nasal	8	hard	You meet “ṃs t” while reading. What was the original junction?	n + t	m + p | m + s | m + h | n + t	asmiṃs tu nirguṇaṃ gotre nāpatyam upajāyate asmiṃs+tu
SD-0186	identify	n t → ṃs t	anusvāra / nasal	8	hard	Which sandhi class is “n + t → ṃs t”?	anusvāra / nasal	consonant / other | vowel coalescence | anusvāra / nasal | visarga	asmiṃs tu nirguṇaṃ gotre nāpatyam upajāyate asmiṃs+tu
SD-0187	join	ḥ t → Ø t	visarga	8	hard	Apply sandhi: ḥ + t → ?	Ø t	Ø g | o b | Ø t | o y	mayūrāś citritā yena sa te vṛttiṃ vidhāsyati sa+te
SD-0188	split	ḥ t → Ø t	visarga	8	hard	You meet “Ø t” while reading. What was the original junction?	ḥ + t	ḥ + u | ḥ + m | ḥ + t | ḥ + y	mayūrāś citritā yena sa te vṛttiṃ vidhāsyati sa+te
SD-0189	identify	ḥ t → Ø t	visarga	8	hard	Which sandhi class is “ḥ + t → Ø t”?	visarga	vowel coalescence | consonant / other | visarga | anusvāra / nasal	mayūrāś citritā yena sa te vṛttiṃ vidhāsyati sa+te
SD-0190	join	ḥ i → r i	visarga	8	hard	Apply sandhi: ḥ + i → ?	r i	Ø p | r i | Ø e | r j	tena tvaṃ viduṣāṃ madhye paṅke gaur iva sīdasi gaur+iva
SD-0191	split	ḥ i → r i	visarga	8	hard	You meet “r i” while reading. What was the original junction?	ḥ + i	aḥ + l | ḥ + i | ḥ + e | ḥ + y	tena tvaṃ viduṣāṃ madhye paṅke gaur iva sīdasi gaur+iva
SD-0192	identify	ḥ i → r i	visarga	8	hard	Which sandhi class is “ḥ + i → r i”?	visarga	consonant / other | anusvāra / nasal | visarga | vowel coalescence	tena tvaṃ viduṣāṃ madhye paṅke gaur iva sīdasi gaur+iva
SD-0193	join	ḥ d → r d	visarga	8	hard	Apply sandhi: ḥ + d → ?	r d	r d | o l | Ø h | Ø d	yathodayagirer dravyaṃ saṃnikarṣeṇa dīpyate udayagireḥ→yathodayagirer +dravyaṃ
SD-0194	split	ḥ d → r d	visarga	8	hard	You meet “r d” while reading. What was the original junction?	ḥ + d	aḥ + a | ḥ + u | aḥ + j | ḥ + d	yathodayagirer dravyaṃ saṃnikarṣeṇa dīpyate udayagireḥ→yathodayagirer +dravyaṃ
SD-0195	identify	ḥ d → r d	visarga	8	hard	Which sandhi class is “ḥ + d → r d”?	visarga	consonant / other | vowel coalescence | anusvāra / nasal | visarga	yathodayagirer dravyaṃ saṃnikarṣeṇa dīpyate udayagireḥ→yathodayagirer +dravyaṃ
SD-0196	join	i i → ī	vowel coalescence	8	hard	Apply sandhi: i + i → ?	ī	ā | ar | ī | e	yena svahastastham api suvarṇakaṅkaṇaṃ yasmai kasmaicid dātum icchāmi tathāpi vyāghro mānuṣaṃ khādatīti lokāpavādo durnivāraḥ khādati+iti→khādatīti
SD-0197	split	i i → ī	vowel coalescence	8	hard	You meet “ī” while reading. What was the original junction?	i + i	a + u | ā + i | i + i | a + ā	yena svahastastham api suvarṇakaṅkaṇaṃ yasmai kasmaicid dātum icchāmi tathāpi vyāghro mānuṣaṃ khādatīti lokāpavādo durnivāraḥ khādati+iti→khādatīti
SD-0198	identify	i i → ī	vowel coalescence	8	hard	Which sandhi class is “i + i → ī”?	vowel coalescence	anusvāra / nasal | consonant / other | visarga | vowel coalescence	yena svahastastham api suvarṇakaṅkaṇaṃ yasmai kasmaicid dātum icchāmi tathāpi vyāghro mānuṣaṃ khādatīti lokāpavādo durnivāraḥ khādati+iti→khādatīti
SD-0199	join	aḥ g → o g	visarga	8	hard	Apply sandhi: aḥ + g → ?	o g	o g | Ø p | Ø n | r y	varam eko guṇī putro na ca mūrkhaśatair api eko+guṇī
SD-0200	split	aḥ g → o g	visarga	8	hard	You meet “o g” while reading. What was the original junction?	aḥ + g	ḥ + c | aḥ + g | iḥ + s | aḥ + y	varam eko guṇī putro na ca mūrkhaśatair api eko+guṇī
SD-0201	identify	aḥ g → o g	visarga	8	hard	Which sandhi class is “aḥ + g → o g”?	visarga	vowel coalescence | visarga | consonant / other | anusvāra / nasal	varam eko guṇī putro na ca mūrkhaśatair api eko+guṇī
SD-0202	join	s s → ḥ s	consonant / other	8	hard	Apply sandhi: s + s → ?	ḥ s	d dh | ḥ s | o ' | d bh	pātratvāt dhanam āpnoti dhanād dharmaṃ tataḥ sukham tataḥ+sukham
SD-0203	split	s s → ḥ s	consonant / other	8	hard	You meet “ḥ s” while reading. What was the original junction?	s + s	s + s | t + y | t + d | as + v	pātratvāt dhanam āpnoti dhanād dharmaṃ tataḥ sukham tataḥ+sukham
SD-0204	identify	s s → ḥ s	consonant / other	8	hard	Which sandhi class is “s + s → ḥ s”?	consonant / other	vowel coalescence | consonant / other | anusvāra / nasal | visarga	pātratvāt dhanam āpnoti dhanād dharmaṃ tataḥ sukham tataḥ+sukham
SD-0205	join	ḥ bh → Ø bh	visarga	8	hard	Apply sandhi: ḥ + bh → ?	Ø bh	r m | Ø bh | Ø p | o l	sa bhūpatir ekadā kenāpi pāṭhyamānaṃ ślokadvayaṃ śuśrāva sa+bhūpatir
SD-0206	split	ḥ bh → Ø bh	visarga	8	hard	You meet “Ø bh” while reading. What was the original junction?	ḥ + bh	mpāyanaḥ + u | ḥ + bh | aḥ + a | aḥ + bh	sa bhūpatir ekadā kenāpi pāṭhyamānaṃ ślokadvayaṃ śuśrāva sa+bhūpatir
SD-0207	identify	ḥ bh → Ø bh	visarga	8	hard	Which sandhi class is “ḥ + bh → Ø bh”?	visarga	visarga | vowel coalescence | anusvāra / nasal | consonant / other	sa bhūpatir ekadā kenāpi pāṭhyamānaṃ ślokadvayaṃ śuśrāva sa+bhūpatir
SD-0208	join	t m → n m	consonant / other	8	hard	Apply sandhi: t + m → ?	n m	o d | d bh | n m | d v	tato yāvad asau tadvacaḥpratīto lobhāt saraḥ snātuṃ praviṣṭaḥ tāvan mahāpaṅke nimagnaḥ palāyitum akṣamaḥ tāvan+mahā
SD-0209	split	t m → n m	consonant / other	8	hard	You meet “n m” while reading. What was the original junction?	t + m	t + n | t + dh | t + m | n + ś	tato yāvad asau tadvacaḥpratīto lobhāt saraḥ snātuṃ praviṣṭaḥ tāvan mahāpaṅke nimagnaḥ palāyitum akṣamaḥ tāvan+mahā
SD-0210	identify	t m → n m	consonant / other	8	hard	Which sandhi class is “t + m → n m”?	consonant / other	visarga | consonant / other | anusvāra / nasal | vowel coalescence	tato yāvad asau tadvacaḥpratīto lobhāt saraḥ snātuṃ praviṣṭaḥ tāvan mahāpaṅke nimagnaḥ palāyitum akṣamaḥ tāvan+mahā
SD-0211	join	ā ā → ā	vowel coalescence	8	hard	Apply sandhi: ā + ā → ?	ā	e ' | o | ā | e	ādyā hāsyāya vṛddhatve dvitīyādriyate sadā dvitīyā+ādriyate→dvitīyādriyate
SD-0212	split	ā ā → ā	vowel coalescence	8	hard	You meet “ā” while reading. What was the original junction?	ā + ā	i + i | u + a | ā + ā | a + ā	ādyā hāsyāya vṛddhatve dvitīyādriyate sadā dvitīyā+ādriyate→dvitīyādriyate
SD-0213	identify	ā ā → ā	vowel coalescence	8	hard	Which sandhi class is “ā + ā → ā”?	vowel coalescence	vowel coalescence | visarga | anusvāra / nasal | consonant / other	ādyā hāsyāya vṛddhatve dvitīyādriyate sadā dvitīyā+ādriyate→dvitīyādriyate
SD-0214	join	ḥ bh → r bh	visarga	8	hard	Apply sandhi: ḥ + bh → ?	r bh	Ø s | o m | r bh | Ø n	yathā hy ekena cakreṇa na rathasya gatir bhavet gatir+bhavet
SD-0215	split	ḥ bh → r bh	visarga	8	hard	You meet “r bh” while reading. What was the original junction?	ḥ + bh	ḥ + dh | iḥ + k | ḥ + bh | ḥ + c	yathā hy ekena cakreṇa na rathasya gatir bhavet gatir+bhavet
SD-0216	identify	ḥ bh → r bh	visarga	8	hard	Which sandhi class is “ḥ + bh → r bh”?	visarga	vowel coalescence | consonant / other | anusvāra / nasal | visarga	yathā hy ekena cakreṇa na rathasya gatir bhavet gatir+bhavet
SD-0217	join	ḥ a → ḥ '	visarga	8	hard	Apply sandhi: ḥ + a → ?	ḥ '	Ø u | ḥ ' | Ø bh | r d	varaṃ vandhyā bhāryā varam api ca garbheṣu vasatir na vāvidvān rūpadraviṇaguṇayukto 'pi tanayaḥ yuktaḥ+'pi
SD-0218	split	ḥ a → ḥ '	visarga	8	hard	You meet “ḥ '” while reading. What was the original junction?	ḥ + a	ḥ + d | aḥ + d | ḥ + a | iḥ + t	varaṃ vandhyā bhāryā varam api ca garbheṣu vasatir na vāvidvān rūpadraviṇaguṇayukto 'pi tanayaḥ yuktaḥ+'pi
SD-0219	identify	ḥ a → ḥ '	visarga	8	hard	Which sandhi class is “ḥ + a → ḥ '”?	visarga	anusvāra / nasal | vowel coalescence | consonant / other | visarga	varaṃ vandhyā bhāryā varam api ca garbheṣu vasatir na vāvidvān rūpadraviṇaguṇayukto 'pi tanayaḥ yuktaḥ+'pi
SD-0220	join	ḥ ā → r ā	visarga	8	hard	Apply sandhi: ḥ + ā → ?	r ā	ś c | o bh | r ā | Ø n	tatra sarvasvāmiguṇopetaḥ sudarśano nāma narapatir āsīt narapatir+āsīt
SD-0221	split	ḥ ā → r ā	visarga	8	hard	You meet “r ā” while reading. What was the original junction?	ḥ + ā	aḥ + v | ḥ + ā | ḥ + h | ḥ + dh	tatra sarvasvāmiguṇopetaḥ sudarśano nāma narapatir āsīt narapatir+āsīt
SD-0222	identify	ḥ ā → r ā	visarga	8	hard	Which sandhi class is “ḥ + ā → r ā”?	visarga	vowel coalescence | consonant / other | anusvāra / nasal | visarga	tatra sarvasvāmiguṇopetaḥ sudarśano nāma narapatir āsīt narapatir+āsīt
SD-0223	join	ḥ y → r y	visarga	8	hard	Apply sandhi: ḥ + y → ?	r y	Ø s | r y | Ø n | ḥ '	sa bandhur yo vipannānām āpaduddharaṇakṣamaḥ bandhur+yo
SD-0224	split	ḥ y → r y	visarga	8	hard	You meet “r y” while reading. What was the original junction?	ḥ + y	ḥ + y | ḥ + i | aḥ + d | ḥ + bh	sa bandhur yo vipannānām āpaduddharaṇakṣamaḥ bandhur+yo
SD-0225	identify	ḥ y → r y	visarga	8	hard	Which sandhi class is “ḥ + y → r y”?	visarga	vowel coalescence | visarga | anusvāra / nasal | consonant / other	sa bandhur yo vipannānām āpaduddharaṇakṣamaḥ bandhur+yo
SD-0226	join	ḥ y → Ø y	visarga	8	hard	Apply sandhi: ḥ + y → ?	Ø y	Ø bh | Ø p | Ø d | Ø y	prāṇā yathātmano 'bhīṣṭā bhūtānām api te tathā prāṇā+yathā
SD-0227	split	ḥ y → Ø y	visarga	8	hard	You meet “Ø y” while reading. What was the original junction?	ḥ + y	iḥ + m | ḥ + h | aḥ + y | ḥ + y	prāṇā yathātmano 'bhīṣṭā bhūtānām api te tathā prāṇā+yathā
SD-0228	identify	ḥ y → Ø y	visarga	8	hard	Which sandhi class is “ḥ + y → Ø y”?	visarga	visarga | anusvāra / nasal | vowel coalescence | consonant / other	prāṇā yathātmano 'bhīṣṭā bhūtānām api te tathā prāṇā+yathā
SD-0229	join	ḥ e → Ø e	visarga	8	hard	Apply sandhi: ḥ + e → ?	Ø e	o b | Ø e | Ø n | o v	sarvasya locanaṃ śāstraṃ yasya nāsty andha eva saḥ andha+eva
SD-0230	split	ḥ e → Ø e	visarga	8	hard	You meet “Ø e” while reading. What was the original junction?	ḥ + e	aḥ + v | ḥ + bh | ḥ + e | ḥ + y	sarvasya locanaṃ śāstraṃ yasya nāsty andha eva saḥ andha+eva
SD-0231	identify	ḥ e → Ø e	visarga	8	hard	Which sandhi class is “ḥ + e → Ø e”?	visarga	visarga | vowel coalescence | consonant / other | anusvāra / nasal	sarvasya locanaṃ śāstraṃ yasya nāsty andha eva saḥ andha+eva
SD-0232	join	ḥ u → r u	visarga	8	hard	Apply sandhi: ḥ + u → ?	r u	r b | r n | Ø c | r u	vidyāyām arthalābhe ca mātur uccāra eva saḥ mātur+uccāra
SD-0233	split	ḥ u → r u	visarga	8	hard	You meet “r u” while reading. What was the original junction?	ḥ + u	ḥ + dh | ḥ + y | ḥ + j | ḥ + u	vidyāyām arthalābhe ca mātur uccāra eva saḥ mātur+uccāra
SD-0234	identify	ḥ u → r u	visarga	8	hard	Which sandhi class is “ḥ + u → r u”?	visarga	visarga | anusvāra / nasal | vowel coalescence | consonant / other	vidyāyām arthalābhe ca mātur uccāra eva saḥ mātur+uccāra
SD-0235	join	s p → ḥ p	consonant / other	8	hard	Apply sandhi: s + p → ?	ḥ p	d u | d dh | ḥ p | o '	samudram iva durdharṣaṃ nṛpaṃ bhāgyam ataḥ param ataḥ+param
SD-0236	split	s p → ḥ p	consonant / other	8	hard	You meet “ḥ p” while reading. What was the original junction?	s + p	t + e | n + ś | s + p | t + b	samudram iva durdharṣaṃ nṛpaṃ bhāgyam ataḥ param ataḥ+param
SD-0237	identify	s p → ḥ p	consonant / other	8	hard	Which sandhi class is “s + p → ḥ p”?	consonant / other	vowel coalescence | consonant / other | anusvāra / nasal | visarga	samudram iva durdharṣaṃ nṛpaṃ bhāgyam ataḥ param ataḥ+param
SD-0238	join	ḥ h → Ø h	visarga	9	hard	Apply sandhi: ḥ + h → ?	Ø h	o h | Ø h | Ø p | Ø c	sa hi gaganavihārī kalmaṣadhvaṃsakārī daśaśatakaradhārī jyotiṣāṃ madhyacārī sa+hi
SD-0239	split	ḥ h → Ø h	visarga	9	hard	You meet “Ø h” while reading. What was the original junction?	ḥ + h	ḥ + p | ḥ + s | ḥ + h | iḥ + s	sa hi gaganavihārī kalmaṣadhvaṃsakārī daśaśatakaradhārī jyotiṣāṃ madhyacārī sa+hi
SD-0240	identify	ḥ h → Ø h	visarga	9	hard	Which sandhi class is “ḥ + h → Ø h”?	visarga	visarga | vowel coalescence | anusvāra / nasal | consonant / other	sa hi gaganavihārī kalmaṣadhvaṃsakārī daśaśatakaradhārī jyotiṣāṃ madhyacārī sa+hi
SD-0241	join	t c → c c	consonant / other	9	hard	Apply sandhi: t + c → ?	c c	cch | ḥ p | c c | d g	ahāryatvād anarghatvād akṣayatvāc ca sarvadā tvāt→akṣayatvāc +ca
SD-0242	split	t c → c c	consonant / other	9	hard	You meet “c c” while reading. What was the original junction?	t + c	t + ś | t + y | t + n | t + c	ahāryatvād anarghatvād akṣayatvāc ca sarvadā tvāt→akṣayatvāc +ca
SD-0243	identify	t c → c c	consonant / other	9	hard	Which sandhi class is “t + c → c c”?	consonant / other	consonant / other | vowel coalescence | anusvāra / nasal | visarga	ahāryatvād anarghatvād akṣayatvāc ca sarvadā tvāt→akṣayatvāc +ca
SD-0244	join	t d → d d	consonant / other	9	hard	Apply sandhi: t + d → ?	d d	d dh | d d | d b | d ā	sakṛd duḥkhakarāv ādyāv antimas tu pade pade sakṛd+duḥkha
SD-0245	split	t d → d d	consonant / other	9	hard	You meet “d d” while reading. What was the original junction?	t + d	t + d | t + b | t + n | t + g	sakṛd duḥkhakarāv ādyāv antimas tu pade pade sakṛd+duḥkha
SD-0246	identify	t d → d d	consonant / other	9	hard	Which sandhi class is “t + d → d d”?	consonant / other	anusvāra / nasal | visarga | consonant / other | vowel coalescence	sakṛd duḥkhakarāv ādyāv antimas tu pade pade sakṛd+duḥkha
SD-0247	join	ā u → o	vowel coalescence	9	hard	Apply sandhi: ā + u → ?	o	ai | ā | e ' | o	rājovāca bho bhoḥ paṇḍitāḥ śrūyatāṃ mama vacanam rājā+uvāca→rājovāca
SD-0248	split	ā u → o	vowel coalescence	9	hard	You meet “o” while reading. What was the original junction?	ā + u	u + a | a + ā | ā + a | ā + u	rājovāca bho bhoḥ paṇḍitāḥ śrūyatāṃ mama vacanam rājā+uvāca→rājovāca
SD-0249	identify	ā u → o	vowel coalescence	9	hard	Which sandhi class is “ā + u → o”?	vowel coalescence	anusvāra / nasal | consonant / other | vowel coalescence | visarga	rājovāca bho bhoḥ paṇḍitāḥ śrūyatāṃ mama vacanam rājā+uvāca→rājovāca
SD-0250	join	t bh → d bh	consonant / other	9	hard	Apply sandhi: t + bh → ?	d bh	d i | o d | d bh | n n	yad abhāvi na tad bhāvi bhāvi cen na tad anyathā tad+bhāvi
SD-0251	split	t bh → d bh	consonant / other	9	hard	You meet “d bh” while reading. What was the original junction?	t + bh	s + k | t + m | t + bh | s + ś	yad abhāvi na tad bhāvi bhāvi cen na tad anyathā tad+bhāvi
SD-0252	identify	t bh → d bh	consonant / other	9	hard	Which sandhi class is “t + bh → d bh”?	consonant / other	visarga | consonant / other | anusvāra / nasal | vowel coalescence	yad abhāvi na tad bhāvi bhāvi cen na tad anyathā tad+bhāvi
SD-0253	join	iḥ s → Ø s	visarga	9	hard	Apply sandhi: iḥ + s → ?	Ø s	Ø t | r e | Ø s | Ø n	ity ākarṇya hiraṇyakaḥ prahṛṣṭamanāḥ pulakitaḥ san abravītsādhu mitra sādhu mitra+sādhu
SD-0254	split	iḥ s → Ø s	visarga	9	hard	You meet “Ø s” while reading. What was the original junction?	iḥ + s	iḥ + s | ḥ + s | ḥ + b | iḥ + n	ity ākarṇya hiraṇyakaḥ prahṛṣṭamanāḥ pulakitaḥ san abravītsādhu mitra sādhu mitra+sādhu
SD-0255	identify	iḥ s → Ø s	visarga	9	hard	Which sandhi class is “iḥ + s → Ø s”?	visarga	anusvāra / nasal | visarga | vowel coalescence | consonant / other	ity ākarṇya hiraṇyakaḥ prahṛṣṭamanāḥ pulakitaḥ san abravītsādhu mitra sādhu mitra+sādhu
SD-0256	join	i ā → y ā	vowel coalescence	9	hard	Apply sandhi: i + ā → ?	y ā	ai | y ā | ā | e	ity ākarṇyātmanaḥ putrāṇām anadhigataśāstrāṇāṃ nityam unmārgagāmināṃ śāstrānanuṣṭhānenodvignamanāḥ sa rājā cintayāmāsa ity+ākarṇya
SD-0257	split	i ā → y ā	vowel coalescence	9	hard	You meet “y ā” while reading. What was the original junction?	i + ā	a + ṛ | i + ā | a + u | ā + a	ity ākarṇyātmanaḥ putrāṇām anadhigataśāstrāṇāṃ nityam unmārgagāmināṃ śāstrānanuṣṭhānenodvignamanāḥ sa rājā cintayāmāsa ity+ākarṇya
SD-0258	identify	i ā → y ā	vowel coalescence	9	hard	Which sandhi class is “i + ā → y ā”?	vowel coalescence	consonant / other | anusvāra / nasal | visarga | vowel coalescence	ity ākarṇyātmanaḥ putrāṇām anadhigataśāstrāṇāṃ nityam unmārgagāmināṃ śāstrānanuṣṭhānenodvignamanāḥ sa rājā cintayāmāsa ity+ākarṇya
SD-0259	join	ḥ b → r b	visarga	9	hard	Apply sandhi: ḥ + b → ?	r b	r b | Ø k | r v | o bh	tṛṇair guṇatvam āpannair badhyante mattadantinaḥ āpannair+badhyante
SD-0260	split	ḥ b → r b	visarga	9	hard	You meet “r b” while reading. What was the original junction?	ḥ + b	ḥ + b | mpāyanaḥ + u | aḥ + g | iḥ + p	tṛṇair guṇatvam āpannair badhyante mattadantinaḥ āpannair+badhyante
SD-0261	identify	ḥ b → r b	visarga	9	hard	Which sandhi class is “ḥ + b → r b”?	visarga	anusvāra / nasal | vowel coalescence | visarga | consonant / other	tṛṇair guṇatvam āpannair badhyante mattadantinaḥ āpannair+badhyante
SD-0262	join	t n → n n	consonant / other	9	hard	Apply sandhi: t + n → ?	n n	o ' | n n | t k | d i	yan nave bhājane lagnaḥ saṃskāro nānyathā bhavet yan+nave
SD-0263	split	t n → n n	consonant / other	9	hard	You meet “n n” while reading. What was the original junction?	t + n	t + bh | t + e | t + u | t + n	yan nave bhājane lagnaḥ saṃskāro nānyathā bhavet yan+nave
SD-0264	identify	t n → n n	consonant / other	9	hard	Which sandhi class is “t + n → n n”?	consonant / other	vowel coalescence | visarga | anusvāra / nasal | consonant / other	yan nave bhājane lagnaḥ saṃskāro nānyathā bhavet yan+nave
SD-0265	join	t i → d i	consonant / other	9	hard	Apply sandhi: t + i → ?	d i	d i | o ' | d u | d d	kathāchalena bālānāṃ nītis tad iha kathyate tad+iha
SD-0266	split	t i → d i	consonant / other	9	hard	You meet “d i” while reading. What was the original junction?	t + i	t + i | t + d | t + v | t + e	kathāchalena bālānāṃ nītis tad iha kathyate tad+iha
SD-0267	identify	t i → d i	consonant / other	9	hard	Which sandhi class is “t + i → d i”?	consonant / other	vowel coalescence | anusvāra / nasal | consonant / other | visarga	kathāchalena bālānāṃ nītis tad iha kathyate tad+iha
SD-0268	join	iḥ p → Ø p	visarga	9	hard	Apply sandhi: iḥ + p → ?	Ø p	Ø b | Ø p | o h | Ø r	vyāghra uvāca śṛṇu re pāntha prāg eva yauvanadaśāyām aham atīva durvṛtta āsam pāntha+prāg
SD-0269	split	iḥ p → Ø p	visarga	9	hard	You meet “Ø p” while reading. What was the original junction?	iḥ + p	iḥ + m | ḥ + i | iḥ + p | ḥ + v	vyāghra uvāca śṛṇu re pāntha prāg eva yauvanadaśāyām aham atīva durvṛtta āsam pāntha+prāg
SD-0270	identify	iḥ p → Ø p	visarga	9	hard	Which sandhi class is “iḥ + p → Ø p”?	visarga	anusvāra / nasal | visarga | consonant / other | vowel coalescence	vyāghra uvāca śṛṇu re pāntha prāg eva yauvanadaśāyām aham atīva durvṛtta āsam pāntha+prāg
SD-0271	join	t y → d y	consonant / other	9	hard	Apply sandhi: t + y → ?	d y	d r | d b | d y | d a	vidyā dadāti vinayaṃ vinayād yāti pātratām vinayād+yāti
SD-0272	split	t y → d y	consonant / other	9	hard	You meet “d y” while reading. What was the original junction?	t + y	as + v | t + b | t + y | t + ś	vidyā dadāti vinayaṃ vinayād yāti pātratām vinayād+yāti
SD-0273	identify	t y → d y	consonant / other	9	hard	Which sandhi class is “t + y → d y”?	consonant / other	anusvāra / nasal | consonant / other | vowel coalescence | visarga	vidyā dadāti vinayaṃ vinayād yāti pātratām vinayād+yāti
SD-0274	join	a ṛ → ar	vowel coalescence	9	hard	Apply sandhi: a + ṛ → ?	ar	ar | ī | o | ā	tatsamakṣaṃ ca tasyarṣeḥ kuśenābhūtkarakṣatiḥ tasya+ṛṣeḥ→tasyarṣeḥ
SD-0275	split	a ṛ → ar	vowel coalescence	9	hard	You meet “ar” while reading. What was the original junction?	a + ṛ	ā + u | ā + i | a + ī | a + ṛ	tatsamakṣaṃ ca tasyarṣeḥ kuśenābhūtkarakṣatiḥ tasya+ṛṣeḥ→tasyarṣeḥ
SD-0276	identify	a ṛ → ar	vowel coalescence	9	hard	Which sandhi class is “a + ṛ → ar”?	vowel coalescence	vowel coalescence | visarga | consonant / other | anusvāra / nasal	tatsamakṣaṃ ca tasyarṣeḥ kuśenābhūtkarakṣatiḥ tasya+ṛṣeḥ→tasyarṣeḥ
SD-0277	join	iḥ t → Ø t	visarga	9	hard	Apply sandhi: iḥ + t → ?	Ø t	Ø t | o r | Ø v | r ā	tad yathā bhavitavyaṃ tathā bhavatu tāvat viśvāsam utpādyāsya samīpam upagacchāmīty ālocya tam upasṛtyābravīd ārya tvām abhivande ārya+tvām
SD-0278	split	iḥ t → Ø t	visarga	9	hard	You meet “Ø t” while reading. What was the original junction?	iḥ + t	ḥ + c | aḥ + g | ḥ + b | iḥ + t	tad yathā bhavitavyaṃ tathā bhavatu tāvat viśvāsam utpādyāsya samīpam upagacchāmīty ālocya tam upasṛtyābravīd ārya tvām abhivande ārya+tvām
SD-0279	identify	iḥ t → Ø t	visarga	9	hard	Which sandhi class is “iḥ + t → Ø t”?	visarga	vowel coalescence | anusvāra / nasal | consonant / other | visarga	tad yathā bhavitavyaṃ tathā bhavatu tāvat viśvāsam utpādyāsya samīpam upagacchāmīty ālocya tam upasṛtyābravīd ārya tvām abhivande ārya+tvām
SD-0280	join	t r → d r	consonant / other	9	hard	Apply sandhi: t + r → ?	d r	o ' | d r | t p | d d	āpatsu mitraṃ jānīyād raṇe śūram ṛṇe śucim jānīyād+raṇe
SD-0281	split	t r → d r	consonant / other	9	hard	You meet “d r” while reading. What was the original junction?	t + r	t + ā | t + u | t + r | s + ś	āpatsu mitraṃ jānīyād raṇe śūram ṛṇe śucim jānīyād+raṇe
SD-0282	identify	t r → d r	consonant / other	9	hard	Which sandhi class is “t + r → d r”?	consonant / other	visarga | anusvāra / nasal | vowel coalescence | consonant / other	āpatsu mitraṃ jānīyād raṇe śūram ṛṇe śucim jānīyād+raṇe
SD-0283	join	ḥ b → Ø b	visarga	9	hard	Apply sandhi: ḥ + b → ?	Ø b	Ø t | r h | Ø b | o r	asādhanā vittahīnā buddhimantaḥ suhṛnmatāḥ hīnāḥ→vittahīnā +buddhimantaḥ
SD-0284	split	ḥ b → Ø b	visarga	9	hard	You meet “Ø b” while reading. What was the original junction?	ḥ + b	ḥ + b | iḥ + t | aḥ + m | ḥ + y	asādhanā vittahīnā buddhimantaḥ suhṛnmatāḥ hīnāḥ→vittahīnā +buddhimantaḥ
SD-0285	identify	ḥ b → Ø b	visarga	9	hard	Which sandhi class is “ḥ + b → Ø b”?	visarga	consonant / other | anusvāra / nasal | visarga | vowel coalescence	asādhanā vittahīnā buddhimantaḥ suhṛnmatāḥ hīnāḥ→vittahīnā +buddhimantaḥ
SD-0286	join	t e → d e	consonant / other	9	hard	Apply sandhi: t + e → ?	d e	ñ ś | c c | d e | ḥ s	tad eteṣām asmatputrāṇāṃ nītiśāstropadeśāya bhavantaḥ pramāṇam ity uktvā tasya viṣṇuśarmaṇo bahumānapuraḥsaraṃ putrān samarpitavān tad+eteṣām
SD-0287	split	t e → d e	consonant / other	9	hard	You meet “d e” while reading. What was the original junction?	t + e	t + e | t + r | n + ś | t + a	tad eteṣām asmatputrāṇāṃ nītiśāstropadeśāya bhavantaḥ pramāṇam ity uktvā tasya viṣṇuśarmaṇo bahumānapuraḥsaraṃ putrān samarpitavān tad+eteṣām
SD-0288	identify	t e → d e	consonant / other	9	hard	Which sandhi class is “t + e → d e”?	consonant / other	visarga | vowel coalescence | anusvāra / nasal | consonant / other	tad eteṣām asmatputrāṇāṃ nītiśāstropadeśāya bhavantaḥ pramāṇam ity uktvā tasya viṣṇuśarmaṇo bahumānapuraḥsaraṃ putrān samarpitavān tad+eteṣām
SD-0289	join	ḥ g → Ø g	visarga	9	hard	Apply sandhi: ḥ + g → ?	Ø g	Ø g | r bh | Ø p | o v	tat katham idānīm ete mama putrā guṇavantaḥ kriyantām yataḥ putrā+guṇavantaḥ
SD-0290	split	ḥ g → Ø g	visarga	9	hard	You meet “Ø g” while reading. What was the original junction?	ḥ + g	ḥ + i | ḥ + ā | ḥ + c | ḥ + g	tat katham idānīm ete mama putrā guṇavantaḥ kriyantām yataḥ putrā+guṇavantaḥ
SD-0291	identify	ḥ g → Ø g	visarga	9	hard	Which sandhi class is “ḥ + g → Ø g”?	visarga	anusvāra / nasal | consonant / other | vowel coalescence | visarga	tat katham idānīm ete mama putrā guṇavantaḥ kriyantām yataḥ putrā+guṇavantaḥ
SD-0292	join	t b → d b	consonant / other	9	hard	Apply sandhi: t + b → ?	d b	d b | d v | ḥ s | c c	anantaraṃ sa siṃho yadā kadācidapi tasya mūṣikasya śabdaṃ vivarānna śuśrāva tadopayogābhāvād biḍālasyāpyāhāradāne mandādaro babhūva abhāvāt→tadopayogābhāvād +biḍālasya
SD-0293	split	t b → d b	consonant / other	9	hard	You meet “d b” while reading. What was the original junction?	t + b	t + ś | t + a | t + n | t + b	anantaraṃ sa siṃho yadā kadācidapi tasya mūṣikasya śabdaṃ vivarānna śuśrāva tadopayogābhāvād biḍālasyāpyāhāradāne mandādaro babhūva abhāvāt→tadopayogābhāvād +biḍālasya
SD-0294	identify	t b → d b	consonant / other	9	hard	Which sandhi class is “t + b → d b”?	consonant / other	visarga | vowel coalescence | anusvāra / nasal | consonant / other	anantaraṃ sa siṃho yadā kadācidapi tasya mūṣikasya śabdaṃ vivarānna śuśrāva tadopayogābhāvād biḍālasyāpyāhāradāne mandādaro babhūva abhāvāt→tadopayogābhāvād +biḍālasya
SD-0295	join	iḥ k → Ø k	visarga	9	hard	Apply sandhi: iḥ + k → ?	Ø k	o g | Ø k | Ø r | Ø s	rājaputrair uktamārya kathyatām āryaiḥ→uktamārya +kathyatām
SD-0296	split	iḥ k → Ø k	visarga	9	hard	You meet “Ø k” while reading. What was the original junction?	iḥ + k	ḥ + e | iḥ + k | ḥ + s | ḥ + n	rājaputrair uktamārya kathyatām āryaiḥ→uktamārya +kathyatām
SD-0297	identify	iḥ k → Ø k	visarga	9	hard	Which sandhi class is “iḥ + k → Ø k”?	visarga	visarga | anusvāra / nasal | vowel coalescence | consonant / other	rājaputrair uktamārya kathyatām āryaiḥ→uktamārya +kathyatām
SD-0298	join	t ś → cch	consonant / other	9	hard	Apply sandhi: t + ś → ?	cch	c c | d r | t p | cch	yad aśakyaṃ na tac chakyaṃ yacchakyaṃ śakyam eva tat yat+śakyam→yacchakyaṃ
SD-0299	split	t ś → cch	consonant / other	9	hard	You meet “cch” while reading. What was the original junction?	t + ś	t + g | t + y | t + ś | t + ā	yad aśakyaṃ na tac chakyaṃ yacchakyaṃ śakyam eva tat yat+śakyam→yacchakyaṃ
SD-0300	identify	t ś → cch	consonant / other	9	hard	Which sandhi class is “t + ś → cch”?	consonant / other	vowel coalescence | anusvāra / nasal | visarga | consonant / other	yad aśakyaṃ na tac chakyaṃ yacchakyaṃ śakyam eva tat yat+śakyam→yacchakyaṃ
SD-0301	join	t ā → d ā	consonant / other	9	hard	Apply sandhi: t + ā → ?	d ā	d b | cch | d ā | c c	pañcatantrāt tathānyasmād granthād ākṛṣya likhyate granthād+ākṛṣya
SD-0302	split	t ā → d ā	consonant / other	9	hard	You meet “d ā” while reading. What was the original junction?	t + ā	t + ā | t + bh | as + d | t + ś	pañcatantrāt tathānyasmād granthād ākṛṣya likhyate granthād+ākṛṣya
SD-0303	identify	t ā → d ā	consonant / other	9	hard	Which sandhi class is “t + ā → d ā”?	consonant / other	consonant / other | vowel coalescence | visarga | anusvāra / nasal	pañcatantrāt tathānyasmād granthād ākṛṣya likhyate granthād+ākṛṣya
SD-0304	join	s k → ḥ k	consonant / other	9	hard	Apply sandhi: s + k → ?	ḥ k	n m | cch | d g | ḥ k	tataḥ kapotarājas taṇḍulakaṇalubdhān kapotān prāha tataḥ+kapota
SD-0305	split	s k → ḥ k	consonant / other	9	hard	You meet “ḥ k” while reading. What was the original junction?	s + k	t + r | n + ś | s + k | s + ś	tataḥ kapotarājas taṇḍulakaṇalubdhān kapotān prāha tataḥ+kapota
SD-0306	identify	s k → ḥ k	consonant / other	9	hard	Which sandhi class is “s + k → ḥ k”?	consonant / other	vowel coalescence | visarga | consonant / other | anusvāra / nasal	tataḥ kapotarājas taṇḍulakaṇalubdhān kapotān prāha tataḥ+kapota
SD-0307	join	ḥ g → r g	visarga	9	hard	Apply sandhi: ḥ + g → ?	r g	r g | Ø t | Ø m | o bh	tṛṇair guṇatvam āpannair badhyante mattadantinaḥ tṛṇair+guṇa
SD-0308	split	ḥ g → r g	visarga	9	hard	You meet “r g” while reading. What was the original junction?	ḥ + g	ḥ + y | aḥ + g | ḥ + a | ḥ + g	tṛṇair guṇatvam āpannair badhyante mattadantinaḥ tṛṇair+guṇa
SD-0309	identify	ḥ g → r g	visarga	9	hard	Which sandhi class is “ḥ + g → r g”?	visarga	consonant / other | anusvāra / nasal | visarga | vowel coalescence	tṛṇair guṇatvam āpannair badhyante mattadantinaḥ tṛṇair+guṇa
SD-0310	join	ḥ p → Ø p	visarga	9	hard	Apply sandhi: ḥ + p → ?	Ø p	Ø v | o g | s t | Ø p	ātmavat sarvabhūteṣu yaḥ paśyati sa paṇḍitaḥ sa+paṇḍitaḥ
SD-0311	split	ḥ p → Ø p	visarga	9	hard	You meet “Ø p” while reading. What was the original junction?	ḥ + p	ḥ + i | aḥ + m | aḥ + v | ḥ + p	ātmavat sarvabhūteṣu yaḥ paśyati sa paṇḍitaḥ sa+paṇḍitaḥ
SD-0312	identify	ḥ p → Ø p	visarga	9	hard	Which sandhi class is “ḥ + p → Ø p”?	visarga	vowel coalescence | consonant / other | anusvāra / nasal | visarga	ātmavat sarvabhūteṣu yaḥ paśyati sa paṇḍitaḥ sa+paṇḍitaḥ
SD-0313	join	iḥ m → Ø m	visarga	9	hard	Apply sandhi: iḥ + m → ?	Ø m	Ø m | Ø dh | r m | Ø t	atrāntare viṣṇuśarmanāmā mahāpaṇḍitaḥ sakalanītiśāstratattvajño bṛhaspatir ivābravīddeva mahākulasambhūtā ete rājaputrāḥ devaiḥ→ivābravīddeva +mahā
SD-0314	split	iḥ m → Ø m	visarga	9	hard	You meet “Ø m” while reading. What was the original junction?	iḥ + m	aḥ + l | ḥ + g | ḥ + u | iḥ + m	atrāntare viṣṇuśarmanāmā mahāpaṇḍitaḥ sakalanītiśāstratattvajño bṛhaspatir ivābravīddeva mahākulasambhūtā ete rājaputrāḥ devaiḥ→ivābravīddeva +mahā
SD-0315	identify	iḥ m → Ø m	visarga	9	hard	Which sandhi class is “iḥ + m → Ø m”?	visarga	anusvāra / nasal | visarga | vowel coalescence | consonant / other	atrāntare viṣṇuśarmanāmā mahāpaṇḍitaḥ sakalanītiśāstratattvajño bṛhaspatir ivābravīddeva mahākulasambhūtā ete rājaputrāḥ devaiḥ→ivābravīddeva +mahā
SD-0316	join	ḥ h → r h	visarga	9	hard	Apply sandhi: ḥ + h → ?	r h	r h | s t | Ø u | o b	ity uktvā sarve māṃ cañcubhir hatvā sakopā ūcuḥ paśya re mūrkha sa haṃsas tava rājā sarvathā mṛduḥ cañcubhir+hatvā
SD-0317	split	ḥ h → r h	visarga	9	hard	You meet “r h” while reading. What was the original junction?	ḥ + h	iḥ + m | ḥ + bh | ḥ + dh | ḥ + h	ity uktvā sarve māṃ cañcubhir hatvā sakopā ūcuḥ paśya re mūrkha sa haṃsas tava rājā sarvathā mṛduḥ cañcubhir+hatvā
SD-0318	identify	ḥ h → r h	visarga	9	hard	Which sandhi class is “ḥ + h → r h”?	visarga	consonant / other | vowel coalescence | visarga | anusvāra / nasal	ity uktvā sarve māṃ cañcubhir hatvā sakopā ūcuḥ paśya re mūrkha sa haṃsas tava rājā sarvathā mṛduḥ cañcubhir+hatvā
SD-0319	join	aḥ l → o l	visarga	9	hard	Apply sandhi: aḥ + l → ?	o l	Ø c | Ø t | o l | Ø k	gatānugatiko lokaḥ kuṭṭanīm upadeśinīm gatānugatiko+lokaḥ
SD-0320	split	aḥ l → o l	visarga	9	hard	You meet “o l” while reading. What was the original junction?	aḥ + l	ḥ + e | iḥ + m | aḥ + l | aḥ + ayam	gatānugatiko lokaḥ kuṭṭanīm upadeśinīm gatānugatiko+lokaḥ
SD-0321	identify	aḥ l → o l	visarga	9	hard	Which sandhi class is “aḥ + l → o l”?	visarga	anusvāra / nasal | vowel coalescence | consonant / other | visarga	gatānugatiko lokaḥ kuṭṭanīm upadeśinīm gatānugatiko+lokaḥ
SD-0322	join	as a → o '	consonant / other	9	hard	Apply sandhi: as + a → ?	o '	d u | d i | o v | o '	kuto 'tra nirjane vane taṇḍulakaṇānāṃ sambhavaḥ kuto+'tra
SD-0323	split	as a → o '	consonant / other	9	hard	You meet “o '” while reading. What was the original junction?	as + a	t + m | as + a | t + u | as + v	kuto 'tra nirjane vane taṇḍulakaṇānāṃ sambhavaḥ kuto+'tra
SD-0324	identify	as a → o '	consonant / other	9	hard	Which sandhi class is “as + a → o '”?	consonant / other	vowel coalescence | consonant / other | anusvāra / nasal | visarga	kuto 'tra nirjane vane taṇḍulakaṇānāṃ sambhavaḥ kuto+'tra
SD-0325	join	a ī → e	vowel coalescence	9	hard	Apply sandhi: a + ī → ?	e	v a | e ' | ā | e	daridrān bhara kaunteya mā prayaccheśvare dhanam prayaccha+īśvare→prayaccheśvare
SD-0326	split	a ī → e	vowel coalescence	9	hard	You meet “e” while reading. What was the original junction?	a + ī	a + e | a + ī | a + u | i + e	daridrān bhara kaunteya mā prayaccheśvare dhanam prayaccha+īśvare→prayaccheśvare
SD-0327	identify	a ī → e	vowel coalescence	9	hard	Which sandhi class is “a + ī → e”?	vowel coalescence	visarga | anusvāra / nasal | vowel coalescence | consonant / other	daridrān bhara kaunteya mā prayaccheśvare dhanam prayaccha+īśvare→prayaccheśvare
SD-0328	join	iḥ v → Ø v	visarga	9	hard	Apply sandhi: iḥ + v → ?	Ø v	Ø dh | Ø v | o n | Ø u	deva vartakakathām api kathayāmi deva+vartaka
SD-0329	split	iḥ v → Ø v	visarga	9	hard	You meet “Ø v” while reading. What was the original junction?	iḥ + v	aḥ + l | aḥ + a | ḥ + v | iḥ + v	deva vartakakathām api kathayāmi deva+vartaka
SD-0330	identify	iḥ v → Ø v	visarga	9	hard	Which sandhi class is “iḥ + v → Ø v”?	visarga	visarga | vowel coalescence | consonant / other | anusvāra / nasal	deva vartakakathām api kathayāmi deva+vartaka
SD-0331	join	ḥ j → Ø j	visarga	9	hard	Apply sandhi: ḥ + j → ?	Ø j	Ø t | Ø m | o r | Ø j	sa jāto yena jātena yāti vaṃśaḥ samunnatim sa+jāto
SD-0332	split	ḥ j → Ø j	visarga	9	hard	You meet “Ø j” while reading. What was the original junction?	ḥ + j	iḥ + t | ḥ + j | ḥ + y | aḥ + l	sa jāto yena jātena yāti vaṃśaḥ samunnatim sa+jāto
SD-0333	identify	ḥ j → Ø j	visarga	9	hard	Which sandhi class is “ḥ + j → Ø j”?	visarga	visarga | vowel coalescence | consonant / other | anusvāra / nasal	sa jāto yena jātena yāti vaṃśaḥ samunnatim sa+jāto
SD-0334	join	m gh → ṃ gh	anusvāra / nasal	9	hard	Apply sandhi: m + gh → ?	ṃ gh	ṃ gh | ṃ g | ṃś c | ṃ s	vānarās tāṃ ghaṇṭām anukṣaṇaṃ vādayanti tāṃ+ghaṇṭām
SD-0335	split	m gh → ṃ gh	anusvāra / nasal	9	hard	You meet “ṃ gh” while reading. What was the original junction?	m + gh	m + y | m + k | n + t | m + gh	vānarās tāṃ ghaṇṭām anukṣaṇaṃ vādayanti tāṃ+ghaṇṭām
SD-0336	identify	m gh → ṃ gh	anusvāra / nasal	9	hard	Which sandhi class is “m + gh → ṃ gh”?	anusvāra / nasal	anusvāra / nasal | visarga | vowel coalescence | consonant / other	vānarās tāṃ ghaṇṭām anukṣaṇaṃ vādayanti tāṃ+ghaṇṭām
SD-0337	join	t u → d u	consonant / other	9	hard	Apply sandhi: t + u → ?	d u	d dh | d u | n m | d v	na daivam api saṃcintya tyajed udyogam ātmanaḥ tyajed+udyogam
SD-0338	split	t u → d u	consonant / other	9	hard	You meet “d u” while reading. What was the original junction?	t + u	t + c | t + u | t + y | t + e	na daivam api saṃcintya tyajed udyogam ātmanaḥ tyajed+udyogam
SD-0339	identify	t u → d u	consonant / other	9	hard	Which sandhi class is “t + u → d u”?	consonant / other	anusvāra / nasal | consonant / other | visarga | vowel coalescence	na daivam api saṃcintya tyajed udyogam ātmanaḥ tyajed+udyogam
SD-0340	join	iḥ n → Ø n	visarga	9	hard	Apply sandhi: iḥ + n → ?	Ø n	Ø t | ṃpāyana u | r bh | Ø n	hā hā putraka nādhītaṃ gatāsv etāsu rātriṣu putraka+na
SD-0341	split	iḥ n → Ø n	visarga	9	hard	You meet “Ø n” while reading. What was the original junction?	iḥ + n	ḥ + g | iḥ + n | ḥ + h | ḥ + dh	hā hā putraka nādhītaṃ gatāsv etāsu rātriṣu putraka+na
SD-0342	identify	iḥ n → Ø n	visarga	9	hard	Which sandhi class is “iḥ + n → Ø n”?	visarga	visarga | vowel coalescence | anusvāra / nasal | consonant / other	hā hā putraka nādhītaṃ gatāsv etāsu rātriṣu putraka+na
SD-0343	join	as v → o v	consonant / other	9	hard	Apply sandhi: as + v → ?	o v	o v | d ā | d e | cch	yad yad eva hi vāñcheta tato vāñchā pravartate tato+vāñchā
SD-0344	split	as v → o v	consonant / other	9	hard	You meet “o v” while reading. What was the original junction?	as + v	t + u | s + k | as + v | t + ś	yad yad eva hi vāñcheta tato vāñchā pravartate tato+vāñchā
SD-0345	identify	as v → o v	consonant / other	9	hard	Which sandhi class is “as + v → o v”?	consonant / other	vowel coalescence | consonant / other | visarga | anusvāra / nasal	yad yad eva hi vāñcheta tato vāñchā pravartate tato+vāñchā
SD-0346	join	ḥ j → r j	visarga	9	hard	Apply sandhi: ḥ + j → ?	r j	o 'yaṃ | r j | r y | r i	aniṣṭād iṣṭalābhe'pi na gatir jāyate śubhā gatir+jāyate
SD-0347	split	ḥ j → r j	visarga	9	hard	You meet “r j” while reading. What was the original junction?	ḥ + j	aḥ + y | ḥ + j | aḥ + r | ḥ + a	aniṣṭād iṣṭalābhe'pi na gatir jāyate śubhā gatir+jāyate
SD-0348	identify	ḥ j → r j	visarga	9	hard	Which sandhi class is “ḥ + j → r j”?	visarga	consonant / other | anusvāra / nasal | visarga | vowel coalescence	aniṣṭād iṣṭalābhe'pi na gatir jāyate śubhā gatir+jāyate
SD-0349	join	ḥ e → r e	visarga	9	hard	Apply sandhi: ḥ + e → ?	r e	r e | o j | r n | r u	mitralābhaḥ suhṛdbhedo vigrahaḥ saṃdhir eva ca saṃdhir+eva
SD-0350	split	ḥ e → r e	visarga	9	hard	You meet “r e” while reading. What was the original junction?	ḥ + e	ḥ + e | iḥ + y | ḥ + v | ḥ + m	mitralābhaḥ suhṛdbhedo vigrahaḥ saṃdhir eva ca saṃdhir+eva
SD-0351	identify	ḥ e → r e	visarga	9	hard	Which sandhi class is “ḥ + e → r e”?	visarga	consonant / other | anusvāra / nasal | visarga | vowel coalescence	mitralābhaḥ suhṛdbhedo vigrahaḥ saṃdhir eva ca saṃdhir+eva
SD-0352	join	iḥ y → Ø y	visarga	9	hard	Apply sandhi: iḥ + y → ?	Ø y	Ø dh | Ø h | Ø y | o '	tad adya bhaṭṭārakavāre katham etān dantaiḥ spṛśāmi mitra yadi citte na anyathā manyase tadā prabhāte yat tvayā vaktavyaṃ tat kartavyam iti mitra+yadi
SD-0353	split	iḥ y → Ø y	visarga	9	hard	You meet “Ø y” while reading. What was the original junction?	iḥ + y	aḥ + a | aḥ + j | iḥ + s | iḥ + y	tad adya bhaṭṭārakavāre katham etān dantaiḥ spṛśāmi mitra yadi citte na anyathā manyase tadā prabhāte yat tvayā vaktavyaṃ tat kartavyam iti mitra+yadi
SD-0354	identify	iḥ y → Ø y	visarga	9	hard	Which sandhi class is “iḥ + y → Ø y”?	visarga	anusvāra / nasal | vowel coalescence | visarga | consonant / other	tad adya bhaṭṭārakavāre katham etān dantaiḥ spṛśāmi mitra yadi citte na anyathā manyase tadā prabhāte yat tvayā vaktavyaṃ tat kartavyam iti mitra+yadi
SD-0355	join	ḥ s → Ø s	visarga	9	hard	Apply sandhi: ḥ + s → ?	Ø s	r j | Ø dh | Ø s | Ø t	dhārmiko nītikuśalaḥ sa svāmī yujyate bhuvi sa+svāmī
SD-0356	split	ḥ s → Ø s	visarga	9	hard	You meet “Ø s” while reading. What was the original junction?	ḥ + s	aḥ + h | iḥ + t | aḥ + v | ḥ + s	dhārmiko nītikuśalaḥ sa svāmī yujyate bhuvi sa+svāmī
SD-0357	identify	ḥ s → Ø s	visarga	9	hard	Which sandhi class is “ḥ + s → Ø s”?	visarga	vowel coalescence | consonant / other | visarga | anusvāra / nasal	dhārmiko nītikuśalaḥ sa svāmī yujyate bhuvi sa+svāmī
SD-0358	join	ḥ c → Ø c	visarga	9	hard	Apply sandhi: ḥ + c → ?	Ø c	Ø c | o b | r m | o n	sa ca tatra pracchanno bhūtvā sthitaḥ sa+ca
SD-0359	split	ḥ c → Ø c	visarga	9	hard	You meet “Ø c” while reading. What was the original junction?	ḥ + c	ḥ + dh | iḥ + v | ḥ + c | ḥ + y	sa ca tatra pracchanno bhūtvā sthitaḥ sa+ca
SD-0360	identify	ḥ c → Ø c	visarga	9	hard	Which sandhi class is “ḥ + c → Ø c”?	visarga	visarga | anusvāra / nasal | vowel coalescence | consonant / other	sa ca tatra pracchanno bhūtvā sthitaḥ sa+ca
SD-0361	join	aḥ ayam → o 'yaṃ	visarga	9	hard	Apply sandhi: aḥ + ayam → ?	o 'yaṃ	o dh | o v | Ø v | o 'yaṃ	śruto hitopadeśo 'yaṃ pāṭavaṃ saṃskṛtoktiṣu hitopadeśo+'yaṃ
SD-0362	split	aḥ ayam → o 'yaṃ	visarga	9	hard	You meet “o 'yaṃ” while reading. What was the original junction?	aḥ + ayam	ḥ + ā | aḥ + ayam | aḥ + bh | aḥ + a	śruto hitopadeśo 'yaṃ pāṭavaṃ saṃskṛtoktiṣu hitopadeśo+'yaṃ
SD-0363	identify	aḥ ayam → o 'yaṃ	visarga	9	hard	Which sandhi class is “aḥ + ayam → o 'yaṃ”?	visarga	vowel coalescence | consonant / other | visarga | anusvāra / nasal	śruto hitopadeśo 'yaṃ pāṭavaṃ saṃskṛtoktiṣu hitopadeśo+'yaṃ
SD-0364	join	ḥ dh → Ø dh	visarga	9	hard	Apply sandhi: ḥ + dh → ?	Ø dh	o y | Ø e | Ø dh | Ø y	bhavantaś caitādṛśā dharmajñā yan mām atithiṃ hantum udyatāḥ gṛhasthadharmaś ca eṣaḥ etādṛśāḥ→caitādṛśā +dharma
SD-0365	split	ḥ dh → Ø dh	visarga	9	hard	You meet “Ø dh” while reading. What was the original junction?	ḥ + dh	ḥ + h | ḥ + dh | ḥ + j | ḥ + bh	bhavantaś caitādṛśā dharmajñā yan mām atithiṃ hantum udyatāḥ gṛhasthadharmaś ca eṣaḥ etādṛśāḥ→caitādṛśā +dharma
SD-0366	identify	ḥ dh → Ø dh	visarga	9	hard	Which sandhi class is “ḥ + dh → Ø dh”?	visarga	anusvāra / nasal | vowel coalescence | consonant / other | visarga	bhavantaś caitādṛśā dharmajñā yan mām atithiṃ hantum udyatāḥ gṛhasthadharmaś ca eṣaḥ etādṛśāḥ→caitādṛśā +dharma
SD-0367	join	d p → t p	consonant / other	9	hard	Apply sandhi: d + p → ?	t p	d bh | t p | d d | c c	tato lobhākṛṣṭena kenacit pānthena ālocitaṃ bhāgyena etat sambhavati kenacit+pānthena
SD-0368	split	d p → t p	consonant / other	9	hard	You meet “t p” while reading. What was the original junction?	d + p	as + a | s + k | n + ś | d + p	tato lobhākṛṣṭena kenacit pānthena ālocitaṃ bhāgyena etat sambhavati kenacit+pānthena
SD-0369	identify	d p → t p	consonant / other	9	hard	Which sandhi class is “d + p → t p”?	consonant / other	anusvāra / nasal | vowel coalescence | consonant / other | visarga	tato lobhākṛṣṭena kenacit pānthena ālocitaṃ bhāgyena etat sambhavati kenacit+pānthena
SD-0370	join	ḥ k → Ø k	visarga	9	hard	Apply sandhi: ḥ + k → ?	Ø k	Ø k | ṃpāyana u | o j | r b	anantaraṃ sa kākaḥ pradoṣakāle mṛgamanāgatam avalokya itas tato 'nviṣyan tathāvidhaṃ taṃ dṛṣṭvā uvāca sakhe kim etat mṛgeṇoktam avadhīritasuhṛdvākyasya phalam etat sa+kākaḥ
SD-0371	split	ḥ k → Ø k	visarga	9	hard	You meet “Ø k” while reading. What was the original junction?	ḥ + k	ḥ + e | ḥ + k | ḥ + g | iḥ + y	anantaraṃ sa kākaḥ pradoṣakāle mṛgamanāgatam avalokya itas tato 'nviṣyan tathāvidhaṃ taṃ dṛṣṭvā uvāca sakhe kim etat mṛgeṇoktam avadhīritasuhṛdvākyasya phalam etat sa+kākaḥ
SD-0372	identify	ḥ k → Ø k	visarga	9	hard	Which sandhi class is “ḥ + k → Ø k”?	visarga	visarga | vowel coalescence | anusvāra / nasal | consonant / other	anantaraṃ sa kākaḥ pradoṣakāle mṛgamanāgatam avalokya itas tato 'nviṣyan tathāvidhaṃ taṃ dṛṣṭvā uvāca sakhe kim etat mṛgeṇoktam avadhīritasuhṛdvākyasya phalam etat sa+kākaḥ
SD-0373	join	as d → o d	consonant / other	9	hard	Apply sandhi: as + d → ?	o d	t p | o d | d u | d b	tato dineṣu gacchatsu asau pakṣiśāvakān ākramya svakoṭaram ānīya pratyahaṃ khādati tato+dineṣu
SD-0374	split	as d → o d	consonant / other	9	hard	You meet “o d” while reading. What was the original junction?	as + d	as + d | t + i | t + v | t + m	tato dineṣu gacchatsu asau pakṣiśāvakān ākramya svakoṭaram ānīya pratyahaṃ khādati tato+dineṣu
SD-0375	identify	as d → o d	consonant / other	9	hard	Which sandhi class is “as + d → o d”?	consonant / other	anusvāra / nasal | visarga | vowel coalescence | consonant / other	tato dineṣu gacchatsu asau pakṣiśāvakān ākramya svakoṭaram ānīya pratyahaṃ khādati tato+dineṣu
SD-0376	join	d k → t k	consonant / other	9	hard	Apply sandhi: d + k → ?	t k	n m | t k | o v | ñ ś	nādravye nihitā kācit kriyā phalavatī bhavet kācit+kriyā
SD-0377	split	d k → t k	consonant / other	9	hard	You meet “t k” while reading. What was the original junction?	d + k	as + a | d + k | t + e | t + r	nādravye nihitā kācit kriyā phalavatī bhavet kācit+kriyā
SD-0378	identify	d k → t k	consonant / other	9	hard	Which sandhi class is “d + k → t k”?	consonant / other	anusvāra / nasal | vowel coalescence | visarga | consonant / other	nādravye nihitā kācit kriyā phalavatī bhavet kācit+kriyā
SD-0379	join	ḥ dh → r dh	visarga	9	hard	Apply sandhi: ḥ + dh → ?	r dh	o j | Ø n | r dh | r n	vināpy arthair dhīraḥ spṛśati bahumānonnatipadaṃ samāyukto 'py arthaiḥ paribhavapadaṃ yāti kṛpaṇaḥ arthair+dhīraḥ
SD-0380	split	ḥ dh → r dh	visarga	9	hard	You meet “r dh” while reading. What was the original junction?	ḥ + dh	ḥ + dh | ḥ + b | ḥ + g | ḥ + s	vināpy arthair dhīraḥ spṛśati bahumānonnatipadaṃ samāyukto 'py arthaiḥ paribhavapadaṃ yāti kṛpaṇaḥ arthair+dhīraḥ
SD-0381	identify	ḥ dh → r dh	visarga	9	hard	Which sandhi class is “ḥ + dh → r dh”?	visarga	anusvāra / nasal | visarga | vowel coalescence | consonant / other	vināpy arthair dhīraḥ spṛśati bahumānonnatipadaṃ samāyukto 'py arthaiḥ paribhavapadaṃ yāti kṛpaṇaḥ arthair+dhīraḥ
SD-0382	join	s ś → ḥ ś	consonant / other	9	hard	Apply sandhi: s + ś → ?	ḥ ś	d dh | ḥ ś | d v | d b	ity uktvā śanaiḥ śanair upagamya tena vyāghreṇa dhṛtaḥ sa pāntho 'cintayat śanaiḥ+śanair
SD-0383	split	s ś → ḥ ś	consonant / other	9	hard	You meet “ḥ ś” while reading. What was the original junction?	s + ś	n + ś | t + r | d + p | s + ś	ity uktvā śanaiḥ śanair upagamya tena vyāghreṇa dhṛtaḥ sa pāntho 'cintayat śanaiḥ+śanair
SD-0384	identify	s ś → ḥ ś	consonant / other	9	hard	Which sandhi class is “s + ś → ḥ ś”?	consonant / other	consonant / other | anusvāra / nasal | vowel coalescence | visarga	ity uktvā śanaiḥ śanair upagamya tena vyāghreṇa dhṛtaḥ sa pāntho 'cintayat śanaiḥ+śanair
SD-0385	join	t g → d g	consonant / other	9	hard	Apply sandhi: t + g → ?	d g	d v | d b | d g | cch	pañcatantrāt tathānyasmād granthād ākṛṣya likhyate anyasmāt→tathānyasmād +granthād
SD-0386	split	t g → d g	consonant / other	9	hard	You meet “d g” while reading. What was the original junction?	t + g	t + ā | s + s | t + g | d + k	pañcatantrāt tathānyasmād granthād ākṛṣya likhyate anyasmāt→tathānyasmād +granthād
SD-0387	identify	t g → d g	consonant / other	9	hard	Which sandhi class is “t + g → d g”?	consonant / other	consonant / other | anusvāra / nasal | vowel coalescence | visarga	pañcatantrāt tathānyasmād granthād ākṛṣya likhyate anyasmāt→tathānyasmād +granthād
SD-0388	join	n ś → ñ ś	consonant / other	9	hard	Apply sandhi: n + ś → ?	ñ ś	d a | d ā | ñ ś | d b	ekasmiñśayane parāṅmukhatayā vītottaraṃ tāmyator anyonyasya hṛdi sthite'pyanunaye saṃrakṣatorgauravam ekasmin+śayane→ekasmiñśayane
SD-0389	split	n ś → ñ ś	consonant / other	9	hard	You meet “ñ ś” while reading. What was the original junction?	n + ś	t + e | n + ś | t + m | t + i	ekasmiñśayane parāṅmukhatayā vītottaraṃ tāmyator anyonyasya hṛdi sthite'pyanunaye saṃrakṣatorgauravam ekasmin+śayane→ekasmiñśayane
SD-0390	identify	n ś → ñ ś	consonant / other	9	hard	Which sandhi class is “n + ś → ñ ś”?	consonant / other	consonant / other | visarga | vowel coalescence | anusvāra / nasal	ekasmiñśayane parāṅmukhatayā vītottaraṃ tāmyator anyonyasya hṛdi sthite'pyanunaye saṃrakṣatorgauravam ekasmin+śayane→ekasmiñśayane
SD-0391	join	mpāyanaḥ u → ṃpāyana u	visarga	9	hard	Apply sandhi: mpāyanaḥ + u → ?	ṃpāyana u	o h | r j | Ø y | ṃpāyana u	vaiśaṃpāyana uvāca vaiśaṃpāyana+uvāca
SD-0392	split	mpāyanaḥ u → ṃpāyana u	visarga	9	hard	You meet “ṃpāyana u” while reading. What was the original junction?	mpāyanaḥ + u	ḥ + a | mpāyanaḥ + u | ḥ + dh | ḥ + m	vaiśaṃpāyana uvāca vaiśaṃpāyana+uvāca
SD-0393	identify	mpāyanaḥ u → ṃpāyana u	visarga	9	hard	Which sandhi class is “mpāyanaḥ + u → ṃpāyana u”?	visarga	visarga | consonant / other | vowel coalescence | anusvāra / nasal	vaiśaṃpāyana uvāca vaiśaṃpāyana+uvāca
SD-0394	join	t dh → d dh	consonant / other	9	hard	Apply sandhi: t + dh → ?	d dh	d e | t p | d dh | n n	pātratvāt dhanam āpnoti dhanād dharmaṃ tataḥ sukham dhanād+dharmaṃ
SD-0395	split	t dh → d dh	consonant / other	9	hard	You meet “d dh” while reading. What was the original junction?	t + dh	n + ś | as + v | t + dh | t + ś	pātratvāt dhanam āpnoti dhanād dharmaṃ tataḥ sukham dhanād+dharmaṃ
SD-0396	identify	t dh → d dh	consonant / other	9	hard	Which sandhi class is “t + dh → d dh”?	consonant / other	anusvāra / nasal | visarga | vowel coalescence | consonant / other	pātratvāt dhanam āpnoti dhanād dharmaṃ tataḥ sukham dhanād+dharmaṃ
